{"data":{"minecraft":{"loot_tables":{"chests":{"abandoned_mineshaft.json":{"pools":[{"rolls":1,"entries":[{"type":"item","name":"minecraft:golden_apple","weight":20},{"type":"item","name":"minecraft:enchanted_golden_apple","weight":1},{"type":"item","name":"minecraft:name_tag","weight":30},{"type":"item","name":"minecraft:book","weight":10,"functions":[{"function":"enchant_randomly"}]},{"type":"item","name":"minecraft:iron_pickaxe","weight":5},{"type":"empty","weight":5}]},{"rolls":{"min":2,"max":4},"entries":[{"type":"item","name":"minecraft:iron_ingot","functions":[{"function":"set_count","count":{"min":1,"max":5}}],"weight":10},{"type":"item","name":"minecraft:gold_ingot","functions":[{"function":"set_count","count":{"min":1,"max":3}}],"weight":5},{"type":"item","name":"minecraft:redstone","functions":[{"function":"set_count","count":{"min":4,"max":9}}],"weight":5},{"type":"item","name":"minecraft:lapis_lazuli","functions":[{"function":"set_count","count":{"min":4,"max":9}}],"weight":5},{"type":"item","name":"minecraft:diamond","functions":[{"function":"set_count","count":{"min":1,"max":2}}],"weight":3},{"type":"item","name":"minecraft:coal","functions":[{"function":"set_count","count":{"min":3,"max":8}}],"weight":10},{"type":"item","name":"minecraft:bread","functions":[{"function":"set_count","count":{"min":1,"max":3}}],"weight":15},{"type":"item","name":"minecraft:melon_seeds","functions":[{"function":"set_count","count":{"min":2,"max":4}}],"weight":10},{"type":"item","name":"minecraft:pumpkin_seeds","functions":[{"function":"set_count","count":{"min":2,"max":4}}],"weight":10},{"type":"item","name":"minecraft:beetroot_seeds","functions":[{"function":"set_count","count":{"min":2,"max":4}}],"weight":10}]},{"rolls":3,"entries":[{"type":"item","name":"minecraft:rail","functions":[{"function":"set_count","count":{"min":4,"max":8}}],"weight":20},{"type":"item","name":"minecraft:powered_rail","functions":[{"function":"set_count","count":{"min":1,"max":4}}],"weight":5},{"type":"item","name":"minecraft:detector_rail","functions":[{"function":"set_count","count":{"min":1,"max":4}}],"weight":5},{"type":"item","name":"minecraft:activator_rail","functions":[{"function":"set_count","count":{"min":1,"max":4}}],"weight":5},{"type":"item","name":"minecraft:torch","functions":[{"function":"set_count","count":{"min":1,"max":16}}],"weight":15}]}]},"buried_treasure.json":{"pools":[{"rolls":1,"entries":[{"type":"item","name":"minecraft:heart_of_the_sea"}]},{"rolls":{"min":5,"max":8},"entries":[{"type":"item","name":"minecraft:iron_ingot","weight":20,"functions":[{"function":"minecraft:set_count","count":{"min":1,"max":4}}]},{"type":"item","name":"minecraft:gold_ingot","weight":10,"functions":[{"function":"minecraft:set_count","count":{"min":1,"max":4}}]},{"type":"item","name":"minecraft:tnt","weight":5,"functions":[{"function":"set_count","count":{"min":1,"max":2}}]}]},{"rolls":{"min":1,"max":3},"entries":[{"type":"item","name":"minecraft:emerald","weight":5,"functions":[{"function":"minecraft:set_count","count":{"min":4,"max":8}}]},{"type":"item","name":"minecraft:diamond","weight":5,"functions":[{"function":"minecraft:set_count","count":{"min":1,"max":2}}]},{"type":"item","name":"minecraft:prismarine_crystals","weight":5,"functions":[{"function":"set_count","count":{"min":1,"max":5}}]}]},{"rolls":{"min":0,"max":1},"entries":[{"type":"item","name":"minecraft:leather_chestplate","weight":1},{"type":"item","name":"minecraft:iron_sword","weight":1}]},{"rolls":2,"entries":[{"type":"item","name":"minecraft:cooked_cod","weight":1,"functions":[{"function":"minecraft:set_count","count":{"min":2,"max":4}}]},{"type":"item","name":"minecraft:cooked_salmon","weight":1,"functions":[{"function":"minecraft:set_count","count":{"min":2,"max":4}}]}]}]},"desert_pyramid.json":{"pools":[{"rolls":{"min":2,"max":4},"entries":[{"type":"item","name":"minecraft:diamond","functions":[{"function":"set_count","count":{"min":1,"max":3}}],"weight":5},{"type":"item","name":"minecraft:iron_ingot","functions":[{"function":"set_count","count":{"min":1,"max":5}}],"weight":15},{"type":"item","name":"minecraft:gold_ingot","functions":[{"function":"set_count","count":{"min":2,"max":7}}],"weight":15},{"type":"item","name":"minecraft:emerald","functions":[{"function":"set_count","count":{"min":1,"max":3}}],"weight":15},{"type":"item","name":"minecraft:bone","functions":[{"function":"set_count","count":{"min":4,"max":6}}],"weight":25},{"type":"item","name":"minecraft:spider_eye","functions":[{"function":"set_count","count":{"min":1,"max":3}}],"weight":25},{"type":"item","name":"minecraft:rotten_flesh","functions":[{"function":"set_count","count":{"min":3,"max":7}}],"weight":25},{"type":"item","name":"minecraft:saddle","weight":20},{"type":"item","name":"minecraft:iron_horse_armor","weight":15},{"type":"item","name":"minecraft:golden_horse_armor","weight":10},{"type":"item","name":"minecraft:diamond_horse_armor","weight":5},{"type":"item","name":"minecraft:book","weight":20,"functions":[{"function":"enchant_randomly"}]},{"type":"item","name":"minecraft:golden_apple","weight":20},{"type":"item","name":"minecraft:enchanted_golden_apple","weight":2},{"type":"empty","weight":15}]},{"rolls":4,"entries":[{"type":"item","name":"minecraft:bone","weight":10,"functions":[{"function":"set_count","count":{"min":1,"max":8}}]},{"type":"item","name":"minecraft:gunpowder","weight":10,"functions":[{"function":"set_count","count":{"min":1,"max":8}}]},{"type":"item","name":"minecraft:rotten_flesh","weight":10,"functions":[{"function":"set_count","count":{"min":1,"max":8}}]},{"type":"item","name":"minecraft:string","weight":10,"functions":[{"function":"set_count","count":{"min":1,"max":8}}]},{"type":"item","name":"minecraft:sand","weight":10,"functions":[{"function":"set_count","count":{"min":1,"max":8}}]}]}]},"end_city_treasure.json":{"pools":[{"rolls":{"min":2,"max":6},"entries":[{"type":"item","name":"minecraft:diamond","weight":5,"functions":[{"function":"set_count","count":{"min":2,"max":7}}]},{"type":"item","name":"minecraft:iron_ingot","weight":10,"functions":[{"function":"set_count","count":{"min":4,"max":8}}]},{"type":"item","name":"minecraft:gold_ingot","weight":15,"functions":[{"function":"set_count","count":{"min":2,"max":7}}]},{"type":"item","name":"minecraft:emerald","weight":2,"functions":[{"function":"set_count","count":{"min":2,"max":6}}]},{"type":"item","name":"minecraft:beetroot_seeds","weight":5,"functions":[{"function":"set_count","count":{"min":1,"max":10}}]},{"type":"item","name":"minecraft:saddle","weight":3},{"type":"item","name":"minecraft:iron_horse_armor","weight":1},{"type":"item","name":"minecraft:golden_horse_armor","weight":1},{"type":"item","name":"minecraft:diamond_horse_armor","weight":1},{"type":"item","name":"minecraft:diamond_sword","weight":3,"functions":[{"function":"enchant_with_levels","treasure":true,"levels":{"min":20,"max":39}}]},{"type":"item","name":"minecraft:diamond_boots","weight":3,"functions":[{"function":"enchant_with_levels","treasure":true,"levels":{"min":20,"max":39}}]},{"type":"item","name":"minecraft:diamond_chestplate","weight":3,"functions":[{"function":"enchant_with_levels","treasure":true,"levels":{"min":20,"max":39}}]},{"type":"item","name":"minecraft:diamond_leggings","weight":3,"functions":[{"function":"enchant_with_levels","treasure":true,"levels":{"min":20,"max":39}}]},{"type":"item","name":"minecraft:diamond_helmet","weight":3,"functions":[{"function":"enchant_with_levels","treasure":true,"levels":{"min":20,"max":39}}]},{"type":"item","name":"minecraft:diamond_pickaxe","weight":3,"functions":[{"function":"enchant_with_levels","treasure":true,"levels":{"min":20,"max":39}}]},{"type":"item","name":"minecraft:diamond_shovel","weight":3,"functions":[{"function":"enchant_with_levels","treasure":true,"levels":{"min":20,"max":39}}]},{"type":"item","name":"minecraft:iron_sword","weight":3,"functions":[{"function":"enchant_with_levels","treasure":true,"levels":{"min":20,"max":39}}]},{"type":"item","name":"minecraft:iron_boots","weight":3,"functions":[{"function":"enchant_with_levels","treasure":true,"levels":{"min":20,"max":39}}]},{"type":"item","name":"minecraft:iron_chestplate","weight":3,"functions":[{"function":"enchant_with_levels","treasure":true,"levels":{"min":20,"max":39}}]},{"type":"item","name":"minecraft:iron_leggings","weight":3,"functions":[{"function":"enchant_with_levels","treasure":true,"levels":{"min":20,"max":39}}]},{"type":"item","name":"minecraft:iron_helmet","weight":3,"functions":[{"function":"enchant_with_levels","treasure":true,"levels":{"min":20,"max":39}}]},{"type":"item","name":"minecraft:iron_pickaxe","weight":3,"functions":[{"function":"enchant_with_levels","treasure":true,"levels":{"min":20,"max":39}}]},{"type":"item","name":"minecraft:iron_shovel","weight":3,"functions":[{"function":"enchant_with_levels","treasure":true,"levels":{"min":20,"max":39}}]}]}]},"igloo_chest.json":{"pools":[{"rolls":{"min":2,"max":8},"entries":[{"type":"item","name":"minecraft:apple","weight":15,"functions":[{"function":"minecraft:set_count","count":{"min":1,"max":3}}]},{"type":"item","name":"minecraft:coal","weight":15,"functions":[{"function":"minecraft:set_count","count":{"min":1,"max":4}}]},{"type":"item","name":"minecraft:gold_nugget","weight":10,"functions":[{"function":"minecraft:set_count","count":{"min":1,"max":3}}]},{"type":"item","name":"minecraft:stone_axe","weight":2},{"type":"item","name":"minecraft:rotten_flesh","weight":10},{"type":"item","name":"minecraft:emerald","weight":1},{"type":"item","name":"minecraft:wheat","weight":10,"functions":[{"function":"minecraft:set_count","count":{"min":2,"max":3}}]}]},{"rolls":1,"entries":[{"type":"item","name":"minecraft:golden_apple","weight":1}]}]},"jungle_temple.json":{"pools":[{"rolls":{"min":2,"max":6},"entries":[{"type":"item","name":"minecraft:diamond","functions":[{"function":"set_count","count":{"min":1,"max":3}}],"weight":3},{"type":"item","name":"minecraft:iron_ingot","functions":[{"function":"set_count","count":{"min":1,"max":5}}],"weight":10},{"type":"item","name":"minecraft:gold_ingot","functions":[{"function":"set_count","count":{"min":2,"max":7}}],"weight":15},{"type":"item","name":"minecraft:emerald","functions":[{"function":"set_count","count":{"min":1,"max":3}}],"weight":2},{"type":"item","name":"minecraft:bone","functions":[{"function":"set_count","count":{"min":4,"max":6}}],"weight":20},{"type":"item","name":"minecraft:rotten_flesh","functions":[{"function":"set_count","count":{"min":3,"max":7}}],"weight":16},{"type":"item","name":"minecraft:saddle","weight":3},{"type":"item","name":"minecraft:iron_horse_armor","weight":1},{"type":"item","name":"minecraft:golden_horse_armor","weight":1},{"type":"item","name":"minecraft:diamond_horse_armor","weight":1},{"type":"item","name":"minecraft:book","weight":1,"functions":[{"function":"enchant_with_levels","levels":30,"treasure":true}]}]}]},"jungle_temple_dispenser.json":{"pools":[{"rolls":{"min":1,"max":2},"entries":[{"type":"item","name":"minecraft:arrow","functions":[{"function":"set_count","count":{"min":2,"max":7}}],"weight":30}]}]},"nether_bridge.json":{"pools":[{"rolls":{"min":2,"max":4},"entries":[{"type":"item","name":"minecraft:diamond","functions":[{"function":"set_count","count":{"min":1,"max":3}}],"weight":5},{"type":"item","name":"minecraft:iron_ingot","functions":[{"function":"set_count","count":{"min":1,"max":5}}],"weight":5},{"type":"item","name":"minecraft:gold_ingot","functions":[{"function":"set_count","count":{"min":1,"max":3}}],"weight":15},{"type":"item","name":"minecraft:golden_sword","weight":5},{"type":"item","name":"minecraft:golden_chestplate","weight":5},{"type":"item","name":"minecraft:flint_and_steel","weight":5},{"type":"item","name":"minecraft:nether_wart","functions":[{"function":"set_count","count":{"min":3,"max":7}}],"weight":5},{"type":"item","name":"minecraft:saddle","weight":10},{"type":"item","name":"minecraft:golden_horse_armor","weight":8},{"type":"item","name":"minecraft:iron_horse_armor","weight":5},{"type":"item","name":"minecraft:diamond_horse_armor","weight":3},{"type":"item","name":"minecraft:obsidian","functions":[{"function":"set_count","count":{"min":2,"max":4}}],"weight":2}]}]},"shipwreck_map.json":{"pools":[{"rolls":1,"entries":[{"type":"item","name":"minecraft:map","functions":[{"function":"minecraft:exploration_map","destination":"buried_treasure","decoration":"red_x","zoom":1,"skip_existing_chunks":false}]}]},{"rolls":3,"entries":[{"type":"item","name":"minecraft:compass","weight":1},{"type":"item","name":"minecraft:map","weight":1},{"type":"item","name":"minecraft:clock","weight":1},{"type":"item","name":"minecraft:paper","weight":20,"functions":[{"function":"set_count","count":{"min":1,"max":10}}]},{"type":"item","name":"minecraft:feather","weight":10,"functions":[{"function":"set_count","count":{"min":1,"max":5}}]},{"type":"item","name":"minecraft:book","weight":5,"functions":[{"function":"set_count","count":{"min":1,"max":5}}]}]}]},"shipwreck_supply.json":{"pools":[{"rolls":{"min":3,"max":10},"entries":[{"type":"item","name":"minecraft:paper","weight":8,"functions":[{"function":"set_count","count":{"min":1,"max":12}}]},{"type":"item","name":"minecraft:potato","weight":7,"functions":[{"function":"set_count","count":{"min":2,"max":6}}]},{"type":"item","name":"minecraft:poisonous_potato","weight":7,"functions":[{"function":"set_count","count":{"min":2,"max":6}}]},{"type":"item","name":"minecraft:carrot","weight":7,"functions":[{"function":"set_count","count":{"min":4,"max":8}}]},{"type":"item","name":"minecraft:wheat","weight":7,"functions":[{"function":"set_count","count":{"min":8,"max":21}}]},{"type":"item","name":"minecraft:coal","weight":6,"functions":[{"function":"set_count","count":{"min":2,"max":8}}]},{"type":"item","name":"minecraft:rotten_flesh","weight":5,"functions":[{"function":"set_count","count":{"min":5,"max":24}}]},{"type":"item","name":"minecraft:pumpkin","weight":2,"functions":[{"function":"set_count","count":{"min":1,"max":3}}]},{"type":"item","name":"minecraft:gunpowder","weight":3,"functions":[{"function":"set_count","count":{"min":1,"max":5}}]},{"type":"item","name":"minecraft:tnt","weight":1,"functions":[{"function":"set_count","count":{"min":1,"max":2}}]},{"type":"item","name":"minecraft:leather_helmet","weight":3,"functions":[{"function":"enchant_randomly"}]},{"type":"item","name":"minecraft:leather_chestplate","weight":3,"functions":[{"function":"enchant_randomly"}]},{"type":"item","name":"minecraft:leather_leggings","weight":3,"functions":[{"function":"enchant_randomly"}]},{"type":"item","name":"minecraft:leather_boots","weight":3,"functions":[{"function":"enchant_randomly"}]}]}]},"shipwreck_treasure.json":{"pools":[{"rolls":{"min":3,"max":6},"entries":[{"type":"item","name":"minecraft:iron_ingot","weight":90,"functions":[{"function":"set_count","count":{"min":1,"max":5}}]},{"type":"item","name":"minecraft:gold_ingot","weight":10,"functions":[{"function":"set_count","count":{"min":1,"max":5}}]},{"type":"item","name":"minecraft:emerald","weight":40,"functions":[{"function":"set_count","count":{"min":1,"max":5}}]},{"type":"item","name":"minecraft:diamond","weight":5},{"type":"item","name":"minecraft:experience_bottle","weight":5}]},{"rolls":{"min":2,"max":5},"entries":[{"type":"item","name":"minecraft:iron_nugget","weight":50,"functions":[{"function":"set_count","count":{"min":1,"max":10}}]},{"type":"item","name":"minecraft:gold_nugget","weight":10,"functions":[{"function":"set_count","count":{"min":1,"max":10}}]},{"type":"item","name":"minecraft:lapis_lazuli","weight":20,"functions":[{"function":"set_count","count":{"min":1,"max":10}}]}]}]},"simple_dungeon.json":{"pools":[{"rolls":{"min":1,"max":3},"entries":[{"type":"item","name":"minecraft:saddle","weight":20},{"type":"item","name":"minecraft:golden_apple","weight":15},{"type":"item","name":"minecraft:enchanted_golden_apple","weight":2},{"type":"item","name":"minecraft:music_disc_13","weight":15},{"type":"item","name":"minecraft:music_disc_cat","weight":15},{"type":"item","name":"minecraft:name_tag","weight":20},{"type":"item","name":"minecraft:golden_horse_armor","weight":10},{"type":"item","name":"minecraft:iron_horse_armor","weight":15},{"type":"item","name":"minecraft:diamond_horse_armor","weight":5},{"type":"item","name":"minecraft:book","weight":10,"functions":[{"function":"enchant_randomly"}]}]},{"rolls":{"min":1,"max":4},"entries":[{"type":"item","name":"minecraft:iron_ingot","weight":10,"functions":[{"function":"set_count","count":{"min":1,"max":4}}]},{"type":"item","name":"minecraft:gold_ingot","weight":5,"functions":[{"function":"set_count","count":{"min":1,"max":4}}]},{"type":"item","name":"minecraft:bread","weight":20},{"type":"item","name":"minecraft:wheat","weight":20,"functions":[{"function":"set_count","count":{"min":1,"max":4}}]},{"type":"item","name":"minecraft:bucket","weight":10},{"type":"item","name":"minecraft:redstone","weight":15,"functions":[{"function":"set_count","count":{"min":1,"max":4}}]},{"type":"item","name":"minecraft:coal","weight":15,"functions":[{"function":"set_count","count":{"min":1,"max":4}}]},{"type":"item","name":"minecraft:melon_seeds","functions":[{"function":"set_count","count":{"min":2,"max":4}}],"weight":10},{"type":"item","name":"minecraft:pumpkin_seeds","functions":[{"function":"set_count","count":{"min":2,"max":4}}],"weight":10},{"type":"item","name":"minecraft:beetroot_seeds","functions":[{"function":"set_count","count":{"min":2,"max":4}}],"weight":10}]},{"rolls":3,"entries":[{"type":"item","name":"minecraft:bone","weight":10,"functions":[{"function":"set_count","count":{"min":1,"max":8}}]},{"type":"item","name":"minecraft:gunpowder","weight":10,"functions":[{"function":"set_count","count":{"min":1,"max":8}}]},{"type":"item","name":"minecraft:rotten_flesh","weight":10,"functions":[{"function":"set_count","count":{"min":1,"max":8}}]},{"type":"item","name":"minecraft:string","weight":10,"functions":[{"function":"set_count","count":{"min":1,"max":8}}]}]}]},"spawn_bonus_chest.json":{"pools":[{"rolls":1,"entries":[{"type":"item","name":"minecraft:stone_axe","weight":1},{"type":"item","name":"minecraft:wooden_axe","weight":3}]},{"rolls":1,"entries":[{"type":"item","name":"minecraft:stone_pickaxe","weight":1},{"type":"item","name":"minecraft:wooden_pickaxe","weight":3}]},{"rolls":3,"entries":[{"type":"item","name":"minecraft:apple","weight":5,"functions":[{"function":"minecraft:set_count","count":{"min":1,"max":2}}]},{"type":"item","name":"minecraft:bread","weight":3,"functions":[{"function":"minecraft:set_count","count":{"min":1,"max":2}}]},{"type":"item","name":"minecraft:salmon","weight":3,"functions":[{"function":"minecraft:set_count","count":{"min":1,"max":2}}]}]},{"rolls":4,"entries":[{"type":"item","name":"minecraft:stick","weight":10,"functions":[{"function":"minecraft:set_count","count":{"min":1,"max":12}}]},{"type":"item","name":"minecraft:oak_planks","weight":10,"functions":[{"function":"minecraft:set_count","count":{"min":1,"max":12}}]},{"type":"item","name":"minecraft:oak_log","weight":3,"functions":[{"function":"minecraft:set_count","count":{"min":1,"max":3}}]},{"type":"item","name":"minecraft:spruce_log","weight":3,"functions":[{"function":"minecraft:set_count","count":{"min":1,"max":3}}]},{"type":"item","name":"minecraft:birch_log","weight":3,"functions":[{"function":"minecraft:set_count","count":{"min":1,"max":3}}]},{"type":"item","name":"minecraft:jungle_log","weight":3,"functions":[{"function":"minecraft:set_count","count":{"min":1,"max":3}}]},{"type":"item","name":"minecraft:acacia_log","weight":3,"functions":[{"function":"minecraft:set_count","count":{"min":1,"max":3}}]},{"type":"item","name":"minecraft:dark_oak_log","weight":3,"functions":[{"function":"minecraft:set_count","count":{"min":1,"max":3}}]}]}]},"stronghold_corridor.json":{"pools":[{"rolls":{"min":2,"max":3},"entries":[{"type":"item","name":"minecraft:ender_pearl","weight":10},{"type":"item","name":"minecraft:diamond","functions":[{"function":"set_count","count":{"min":1,"max":3}}],"weight":3},{"type":"item","name":"minecraft:iron_ingot","functions":[{"function":"set_count","count":{"min":1,"max":5}}],"weight":10},{"type":"item","name":"minecraft:gold_ingot","functions":[{"function":"set_count","count":{"min":1,"max":3}}],"weight":5},{"type":"item","name":"minecraft:redstone","functions":[{"function":"set_count","count":{"min":4,"max":9}}],"weight":5},{"type":"item","name":"minecraft:bread","functions":[{"function":"set_count","count":{"min":1,"max":3}}],"weight":15},{"type":"item","name":"minecraft:apple","functions":[{"function":"set_count","count":{"min":1,"max":3}}],"weight":15},{"type":"item","name":"minecraft:iron_pickaxe","weight":5},{"type":"item","name":"minecraft:iron_sword","weight":5},{"type":"item","name":"minecraft:iron_chestplate","weight":5},{"type":"item","name":"minecraft:iron_helmet","weight":5},{"type":"item","name":"minecraft:iron_leggings","weight":5},{"type":"item","name":"minecraft:iron_boots","weight":5},{"type":"item","name":"minecraft:golden_apple","weight":1},{"type":"item","name":"minecraft:saddle","weight":1},{"type":"item","name":"minecraft:iron_horse_armor","weight":1},{"type":"item","name":"minecraft:golden_horse_armor","weight":1},{"type":"item","name":"minecraft:diamond_horse_armor","weight":1},{"type":"item","name":"minecraft:book","weight":1,"functions":[{"function":"enchant_with_levels","levels":30,"treasure":true}]}]}]},"stronghold_crossing.json":{"pools":[{"rolls":{"min":1,"max":4},"entries":[{"type":"item","name":"minecraft:iron_ingot","functions":[{"function":"set_count","count":{"min":1,"max":5}}],"weight":10},{"type":"item","name":"minecraft:gold_ingot","functions":[{"function":"set_count","count":{"min":1,"max":3}}],"weight":5},{"type":"item","name":"minecraft:redstone","functions":[{"function":"set_count","count":{"min":4,"max":9}}],"weight":5},{"type":"item","name":"minecraft:coal","functions":[{"function":"set_count","count":{"min":3,"max":8}}],"weight":10},{"type":"item","name":"minecraft:bread","functions":[{"function":"set_count","count":{"min":1,"max":3}}],"weight":15},{"type":"item","name":"minecraft:apple","functions":[{"function":"set_count","count":{"min":1,"max":3}}],"weight":15},{"type":"item","name":"minecraft:iron_pickaxe","weight":1},{"type":"item","name":"minecraft:book","weight":1,"functions":[{"function":"enchant_with_levels","levels":30,"treasure":true}]}]}]},"stronghold_library.json":{"pools":[{"rolls":{"min":2,"max":10},"entries":[{"type":"item","name":"minecraft:book","functions":[{"function":"set_count","count":{"min":1,"max":3}}],"weight":20},{"type":"item","name":"minecraft:paper","functions":[{"function":"set_count","count":{"min":2,"max":7}}],"weight":20},{"type":"item","name":"minecraft:map","weight":1},{"type":"item","name":"minecraft:compass","weight":1},{"type":"item","name":"minecraft:book","weight":10,"functions":[{"function":"enchant_with_levels","levels":30,"treasure":true}]}]}]},"underwater_ruin_big.json":{"pools":[{"rolls":{"min":2,"max":8},"entries":[{"type":"item","name":"minecraft:coal","weight":10,"functions":[{"function":"minecraft:set_count","count":{"min":1,"max":4}}]},{"type":"item","name":"minecraft:gold_nugget","weight":10,"functions":[{"function":"minecraft:set_count","count":{"min":1,"max":3}}]},{"type":"item","name":"minecraft:emerald","weight":1},{"type":"item","name":"minecraft:wheat","weight":10,"functions":[{"function":"minecraft:set_count","count":{"min":2,"max":3}}]}]},{"rolls":1,"entries":[{"type":"item","name":"minecraft:golden_apple","weight":1},{"type":"item","name":"minecraft:book","weight":5,"functions":[{"function":"enchant_randomly"}]},{"type":"item","name":"minecraft:leather_chestplate","weight":1},{"type":"item","name":"minecraft:golden_helmet","weight":1},{"type":"item","name":"minecraft:fishing_rod","weight":5,"functions":[{"function":"enchant_randomly"}]},{"type":"item","name":"minecraft:map","weight":10,"functions":[{"function":"minecraft:exploration_map","destination":"buried_treasure","decoration":"red_x","zoom":1,"skip_existing_chunks":false}]}]}]},"underwater_ruin_small.json":{"pools":[{"rolls":{"min":2,"max":8},"entries":[{"type":"item","name":"minecraft:coal","weight":10,"functions":[{"function":"minecraft:set_count","count":{"min":1,"max":4}}]},{"type":"item","name":"minecraft:stone_axe","weight":2},{"type":"item","name":"minecraft:rotten_flesh","weight":5},{"type":"item","name":"minecraft:emerald","weight":1},{"type":"item","name":"minecraft:wheat","weight":10,"functions":[{"function":"minecraft:set_count","count":{"min":2,"max":3}}]}]},{"rolls":1,"entries":[{"type":"item","name":"minecraft:leather_chestplate","weight":1},{"type":"item","name":"minecraft:golden_helmet","weight":1},{"type":"item","name":"minecraft:fishing_rod","weight":5,"functions":[{"function":"enchant_randomly"}]},{"type":"item","name":"minecraft:map","weight":5,"functions":[{"function":"minecraft:exploration_map","destination":"buried_treasure","decoration":"red_x","zoom":1,"skip_existing_chunks":false}]}]}]},"village_blacksmith.json":{"pools":[{"rolls":{"min":3,"max":8},"entries":[{"type":"item","name":"minecraft:diamond","functions":[{"function":"set_count","count":{"min":1,"max":3}}],"weight":3},{"type":"item","name":"minecraft:iron_ingot","functions":[{"function":"set_count","count":{"min":1,"max":5}}],"weight":10},{"type":"item","name":"minecraft:gold_ingot","functions":[{"function":"set_count","count":{"min":1,"max":3}}],"weight":5},{"type":"item","name":"minecraft:bread","functions":[{"function":"set_count","count":{"min":1,"max":3}}],"weight":15},{"type":"item","name":"minecraft:apple","functions":[{"function":"set_count","count":{"min":1,"max":3}}],"weight":15},{"type":"item","name":"minecraft:iron_pickaxe","weight":5},{"type":"item","name":"minecraft:iron_sword","weight":5},{"type":"item","name":"minecraft:iron_chestplate","weight":5},{"type":"item","name":"minecraft:iron_helmet","weight":5},{"type":"item","name":"minecraft:iron_leggings","weight":5},{"type":"item","name":"minecraft:iron_boots","weight":5},{"type":"item","name":"minecraft:obsidian","functions":[{"function":"set_count","count":{"min":3,"max":7}}],"weight":5},{"type":"item","name":"minecraft:oak_sapling","functions":[{"function":"set_count","count":{"min":3,"max":7}}],"weight":5},{"type":"item","name":"minecraft:saddle","weight":3},{"type":"item","name":"minecraft:iron_horse_armor","weight":1},{"type":"item","name":"minecraft:golden_horse_armor","weight":1},{"type":"item","name":"minecraft:diamond_horse_armor","weight":1}]}]},"woodland_mansion.json":{"pools":[{"rolls":{"min":1,"max":3},"entries":[{"type":"item","name":"minecraft:lead","weight":20},{"type":"item","name":"minecraft:golden_apple","weight":15},{"type":"item","name":"minecraft:enchanted_golden_apple","weight":2},{"type":"item","name":"minecraft:music_disc_13","weight":15},{"type":"item","name":"minecraft:music_disc_cat","weight":15},{"type":"item","name":"minecraft:name_tag","weight":20},{"type":"item","name":"minecraft:chainmail_chestplate","weight":10},{"type":"item","name":"minecraft:diamond_hoe","weight":15},{"type":"item","name":"minecraft:diamond_chestplate","weight":5},{"type":"item","name":"minecraft:book","weight":10,"functions":[{"function":"enchant_randomly"}]}]},{"rolls":{"min":1,"max":4},"entries":[{"type":"item","name":"minecraft:iron_ingot","weight":10,"functions":[{"function":"set_count","count":{"min":1,"max":4}}]},{"type":"item","name":"minecraft:gold_ingot","weight":5,"functions":[{"function":"set_count","count":{"min":1,"max":4}}]},{"type":"item","name":"minecraft:bread","weight":20},{"type":"item","name":"minecraft:wheat","weight":20,"functions":[{"function":"set_count","count":{"min":1,"max":4}}]},{"type":"item","name":"minecraft:bucket","weight":10},{"type":"item","name":"minecraft:redstone","weight":15,"functions":[{"function":"set_count","count":{"min":1,"max":4}}]},{"type":"item","name":"minecraft:coal","weight":15,"functions":[{"function":"set_count","count":{"min":1,"max":4}}]},{"type":"item","name":"minecraft:melon_seeds","functions":[{"function":"set_count","count":{"min":2,"max":4}}],"weight":10},{"type":"item","name":"minecraft:pumpkin_seeds","functions":[{"function":"set_count","count":{"min":2,"max":4}}],"weight":10},{"type":"item","name":"minecraft:beetroot_seeds","functions":[{"function":"set_count","count":{"min":2,"max":4}}],"weight":10}]},{"rolls":3,"entries":[{"type":"item","name":"minecraft:bone","weight":10,"functions":[{"function":"set_count","count":{"min":1,"max":8}}]},{"type":"item","name":"minecraft:gunpowder","weight":10,"functions":[{"function":"set_count","count":{"min":1,"max":8}}]},{"type":"item","name":"minecraft:rotten_flesh","weight":10,"functions":[{"function":"set_count","count":{"min":1,"max":8}}]},{"type":"item","name":"minecraft:string","weight":10,"functions":[{"function":"set_count","count":{"min":1,"max":8}}]}]}]}},"empty.json":{},"entities":{"bat.json":{},"blaze.json":{"pools":[{"rolls":1,"entries":[{"type":"item","name":"minecraft:blaze_rod","weight":1,"functions":[{"function":"set_count","count":{"min":0,"max":1}},{"function":"looting_enchant","count":{"min":0,"max":1}}]}],"conditions":[{"condition":"killed_by_player"}]}]},"cave_spider.json":{"pools":[{"rolls":1,"entries":[{"type":"item","name":"minecraft:string","weight":1,"functions":[{"function":"set_count","count":{"min":0,"max":2}},{"function":"looting_enchant","count":{"min":0,"max":1}}]}]},{"rolls":1,"entries":[{"type":"item","name":"minecraft:spider_eye","weight":1,"functions":[{"function":"set_count","count":{"min":-1,"max":1}},{"function":"looting_enchant","count":{"min":0,"max":1}}]}],"conditions":[{"condition":"killed_by_player"}]}]},"chicken.json":{"pools":[{"rolls":1,"entries":[{"type":"item","name":"minecraft:feather","weight":1,"functions":[{"function":"set_count","count":{"min":0,"max":2}},{"function":"looting_enchant","count":{"min":0,"max":1}}]}]},{"rolls":1,"entries":[{"type":"item","name":"minecraft:chicken","weight":1,"functions":[{"function":"furnace_smelt","conditions":[{"condition":"entity_properties","entity":"this","properties":{"on_fire":true}}]},{"function":"looting_enchant","count":{"min":0,"max":1}}]}]}]},"cod.json":{"pools":[{"rolls":1,"entries":[{"type":"item","name":"minecraft:cod","weight":1,"functions":[{"function":"furnace_smelt","conditions":[{"condition":"entity_properties","entity":"this","properties":{"on_fire":true}}]}]}]},{"conditions":[{"condition":"random_chance","chance":0.05}],"rolls":1,"entries":[{"type":"item","name":"minecraft:bone_meal","weight":1}]}]},"cow.json":{"pools":[{"rolls":1,"entries":[{"type":"item","name":"minecraft:leather","weight":1,"functions":[{"function":"set_count","count":{"min":0,"max":2}},{"function":"looting_enchant","count":{"min":0,"max":1}}]}]},{"rolls":1,"entries":[{"type":"item","name":"minecraft:beef","weight":1,"functions":[{"function":"set_count","count":{"min":1,"max":3}},{"function":"furnace_smelt","conditions":[{"condition":"entity_properties","entity":"this","properties":{"on_fire":true}}]},{"function":"looting_enchant","count":{"min":0,"max":1}}]}]}]},"creeper.json":{"pools":[{"rolls":1,"entries":[{"type":"item","name":"minecraft:gunpowder","weight":1,"functions":[{"function":"set_count","count":{"min":0,"max":2}},{"function":"looting_enchant","count":{"min":0,"max":1}}]}]}]},"dolphin.json":{"pools":[{"rolls":1,"entries":[{"type":"item","name":"minecraft:cod","weight":1,"functions":[{"function":"set_count","count":{"min":0,"max":1}},{"function":"looting_enchant","count":{"min":0,"max":1}},{"function":"furnace_smelt","conditions":[{"condition":"entity_properties","entity":"this","properties":{"on_fire":true}}]}]}]}]},"donkey.json":{"pools":[{"rolls":1,"entries":[{"type":"item","name":"minecraft:leather","functions":[{"function":"set_count","count":{"min":0,"max":2}},{"function":"looting_enchant","count":{"min":0,"max":1}}]}]}]},"drowned.json":{"pools":[{"rolls":1,"entries":[{"type":"item","name":"minecraft:rotten_flesh","weight":1,"functions":[{"function":"set_count","count":{"min":0,"max":2}},{"function":"looting_enchant","count":{"min":0,"max":1}}]}]},{"conditions":[{"condition":"killed_by_player"},{"condition":"random_chance_with_looting","chance":0.05,"looting_multiplier":0.01}],"rolls":1,"entries":[{"type":"item","name":"minecraft:gold_ingot","weight":1}]}]},"elder_guardian.json":{"pools":[{"rolls":1,"entries":[{"type":"item","name":"minecraft:prismarine_shard","weight":1,"functions":[{"function":"set_count","count":{"min":0,"max":2}},{"function":"looting_enchant","count":{"min":0,"max":1}}]}]},{"rolls":1,"entries":[{"type":"item","name":"minecraft:cod","weight":3,"functions":[{"function":"looting_enchant","count":{"min":0,"max":1}},{"function":"furnace_smelt","conditions":[{"condition":"entity_properties","entity":"this","properties":{"on_fire":true}}]}]},{"type":"item","name":"minecraft:prismarine_crystals","weight":2,"functions":[{"function":"looting_enchant","count":{"min":0,"max":1}}]},{"type":"empty","weight":1}]},{"rolls":1,"entries":[{"type":"item","name":"minecraft:wet_sponge","weight":1}],"conditions":[{"condition":"killed_by_player"}]},{"conditions":[{"condition":"killed_by_player"},{"condition":"random_chance_with_looting","chance":0.025,"looting_multiplier":0.01}],"rolls":1,"entries":[{"type":"loot_table","name":"minecraft:gameplay/fishing/fish","weight":1}]}]},"enderman.json":{"pools":[{"rolls":1,"entries":[{"type":"item","name":"minecraft:ender_pearl","weight":1,"functions":[{"function":"set_count","count":{"min":0,"max":1}},{"function":"looting_enchant","count":{"min":0,"max":1}}]}]}]},"endermite.json":{},"ender_dragon.json":{},"evoker.json":{"pools":[{"rolls":1,"entries":[{"type":"item","name":"minecraft:totem_of_undying"}]},{"rolls":1,"entries":[{"type":"item","name":"minecraft:emerald","weight":1,"functions":[{"function":"set_count","count":{"min":0,"max":1}},{"function":"looting_enchant","count":{"min":0,"max":1}}]}],"conditions":[{"condition":"killed_by_player"}]}]},"ghast.json":{"pools":[{"rolls":1,"entries":[{"type":"item","name":"minecraft:ghast_tear","weight":1,"functions":[{"function":"set_count","count":{"min":0,"max":1}},{"function":"looting_enchant","count":{"min":0,"max":1}}]}]},{"rolls":1,"entries":[{"type":"item","name":"minecraft:gunpowder","weight":1,"functions":[{"function":"set_count","count":{"min":0,"max":2}},{"function":"looting_enchant","count":{"min":0,"max":1}}]}]}]},"giant.json":{},"guardian.json":{"pools":[{"rolls":1,"entries":[{"type":"item","name":"minecraft:prismarine_shard","weight":1,"functions":[{"function":"set_count","count":{"min":0,"max":2}},{"function":"looting_enchant","count":{"min":0,"max":1}}]}]},{"rolls":1,"entries":[{"type":"item","name":"minecraft:cod","weight":2,"functions":[{"function":"looting_enchant","count":{"min":0,"max":1}},{"function":"furnace_smelt","conditions":[{"condition":"entity_properties","entity":"this","properties":{"on_fire":true}}]}]},{"type":"item","name":"minecraft:prismarine_crystals","weight":2,"functions":[{"function":"looting_enchant","count":{"min":0,"max":1}}]},{"type":"empty","weight":1}]},{"conditions":[{"condition":"killed_by_player"},{"condition":"random_chance_with_looting","chance":0.025,"looting_multiplier":0.01}],"rolls":1,"entries":[{"type":"loot_table","name":"minecraft:gameplay/fishing/fish","weight":1}]}]},"horse.json":{"pools":[{"rolls":1,"entries":[{"type":"item","name":"minecraft:leather","functions":[{"function":"set_count","count":{"min":0,"max":2}},{"function":"looting_enchant","count":{"min":0,"max":1}}]}]}]},"husk.json":{"pools":[{"rolls":1,"entries":[{"type":"item","name":"minecraft:rotten_flesh","weight":1,"functions":[{"function":"set_count","count":{"min":0,"max":2}},{"function":"looting_enchant","count":{"min":0,"max":1}}]}]},{"conditions":[{"condition":"killed_by_player"},{"condition":"random_chance_with_looting","chance":0.025,"looting_multiplier":0.01}],"rolls":1,"entries":[{"type":"item","name":"minecraft:iron_ingot","weight":1},{"type":"item","name":"minecraft:carrot","weight":1},{"type":"item","name":"minecraft:potato","weight":1}]}]},"iron_golem.json":{"pools":[{"rolls":1,"entries":[{"type":"item","name":"minecraft:poppy","weight":1,"functions":[{"function":"set_count","count":{"min":0,"max":2}}]}]},{"rolls":1,"entries":[{"type":"item","name":"minecraft:iron_ingot","weight":1,"functions":[{"function":"set_count","count":{"min":3,"max":5}}]}]}]},"llama.json":{"pools":[{"rolls":1,"entries":[{"type":"item","name":"minecraft:leather","functions":[{"function":"set_count","count":{"min":0,"max":2}},{"function":"looting_enchant","count":{"min":0,"max":1}}]}]}]},"magma_cube.json":{"pools":[{"rolls":1,"entries":[{"type":"item","name":"minecraft:magma_cream","weight":1,"functions":[{"function":"set_count","count":{"min":-2,"max":1}},{"function":"looting_enchant","count":{"min":0,"max":1}}]}]}]},"mule.json":{"pools":[{"rolls":1,"entries":[{"type":"item","name":"minecraft:leather","functions":[{"function":"set_count","count":{"min":0,"max":2}},{"function":"looting_enchant","count":{"min":0,"max":1}}]}]}]},"mushroom_cow.json":{"pools":[{"rolls":1,"entries":[{"type":"item","name":"minecraft:leather","weight":1,"functions":[{"function":"set_count","count":{"min":0,"max":2}},{"function":"looting_enchant","count":{"min":0,"max":1}}]}]},{"rolls":1,"entries":[{"type":"item","name":"minecraft:beef","weight":1,"functions":[{"function":"set_count","count":{"min":1,"max":3}},{"function":"furnace_smelt","conditions":[{"condition":"entity_properties","entity":"this","properties":{"on_fire":true}}]},{"function":"looting_enchant","count":{"min":0,"max":1}}]}]}]},"ocelot.json":{},"parrot.json":{"pools":[{"rolls":1,"entries":[{"type":"item","name":"minecraft:feather","weight":1,"functions":[{"function":"set_count","count":{"min":1,"max":2}},{"function":"looting_enchant","count":{"min":0,"max":1}}]}]}]},"phantom.json":{"pools":[{"rolls":1,"entries":[{"type":"item","name":"minecraft:phantom_membrane","weight":1,"functions":[{"function":"set_count","count":{"min":0,"max":1}},{"function":"looting_enchant","count":{"min":0,"max":1}}]}],"conditions":[{"condition":"killed_by_player"}]}]},"pig.json":{"pools":[{"rolls":1,"entries":[{"type":"item","name":"minecraft:porkchop","weight":1,"functions":[{"function":"set_count","count":{"min":1,"max":3}},{"function":"furnace_smelt","conditions":[{"condition":"entity_properties","entity":"this","properties":{"on_fire":true}}]},{"function":"looting_enchant","count":{"min":0,"max":1}}]}]}]},"polar_bear.json":{"pools":[{"rolls":1,"entries":[{"type":"item","name":"minecraft:cod","weight":3,"functions":[{"function":"set_count","count":{"min":0,"max":2}},{"function":"looting_enchant","count":{"min":0,"max":1}}]},{"type":"item","name":"minecraft:salmon","weight":1,"functions":[{"function":"set_count","count":{"min":0,"max":2}},{"function":"looting_enchant","count":{"min":0,"max":1}}]}]}]},"pufferfish.json":{"pools":[{"rolls":1,"entries":[{"type":"item","name":"minecraft:pufferfish","weight":1,"functions":[{"function":"set_count","count":{"min":1,"max":1}}]}]},{"conditions":[{"condition":"random_chance","chance":0.05}],"rolls":1,"entries":[{"type":"item","name":"minecraft:bone_meal","weight":1}]}]},"rabbit.json":{"pools":[{"rolls":1,"entries":[{"type":"item","name":"minecraft:rabbit_hide","weight":1,"functions":[{"function":"set_count","count":{"min":0,"max":1}},{"function":"looting_enchant","count":{"min":0,"max":1}}]}]},{"rolls":1,"entries":[{"type":"item","name":"minecraft:rabbit","weight":1,"functions":[{"function":"set_count","count":{"min":0,"max":1}},{"function":"furnace_smelt","conditions":[{"condition":"entity_properties","entity":"this","properties":{"on_fire":true}}]},{"function":"looting_enchant","count":{"min":0,"max":1}}]}]},{"conditions":[{"condition":"killed_by_player"},{"condition":"random_chance_with_looting","chance":0.1,"looting_multiplier":0.03}],"rolls":1,"entries":[{"type":"item","name":"minecraft:rabbit_foot","weight":1}]}]},"salmon.json":{"pools":[{"rolls":1,"entries":[{"type":"item","name":"minecraft:salmon","weight":1,"functions":[{"function":"furnace_smelt","conditions":[{"condition":"entity_properties","entity":"this","properties":{"on_fire":true}}]}]}]},{"conditions":[{"condition":"random_chance","chance":0.05}],"rolls":1,"entries":[{"type":"item","name":"minecraft:bone_meal","weight":1}]}]},"sheep.json":{"pools":[{"rolls":1,"entries":[{"type":"item","name":"minecraft:mutton","weight":1,"functions":[{"function":"set_count","count":{"min":1,"max":2}},{"function":"furnace_smelt","conditions":[{"condition":"entity_properties","entity":"this","properties":{"on_fire":true}}]},{"function":"looting_enchant","count":{"min":0,"max":1}}]}]}]},"sheep":{"black.json":{"pools":[{"rolls":1,"entries":[{"type":"item","name":"minecraft:black_wool","weight":1}]},{"rolls":1,"entries":[{"type":"loot_table","name":"minecraft:entities/sheep","weight":1}]}]},"blue.json":{"pools":[{"rolls":1,"entries":[{"type":"item","name":"minecraft:blue_wool","weight":1}]},{"rolls":1,"entries":[{"type":"loot_table","name":"minecraft:entities/sheep","weight":1}]}]},"brown.json":{"pools":[{"rolls":1,"entries":[{"type":"item","name":"minecraft:brown_wool","weight":1}]},{"rolls":1,"entries":[{"type":"loot_table","name":"minecraft:entities/sheep","weight":1}]}]},"cyan.json":{"pools":[{"rolls":1,"entries":[{"type":"item","name":"minecraft:cyan_wool","weight":1}]},{"rolls":1,"entries":[{"type":"loot_table","name":"minecraft:entities/sheep","weight":1}]}]},"gray.json":{"pools":[{"rolls":1,"entries":[{"type":"item","name":"minecraft:gray_wool","weight":1}]},{"rolls":1,"entries":[{"type":"loot_table","name":"minecraft:entities/sheep","weight":1}]}]},"green.json":{"pools":[{"rolls":1,"entries":[{"type":"item","name":"minecraft:green_wool","weight":1}]},{"rolls":1,"entries":[{"type":"loot_table","name":"minecraft:entities/sheep","weight":1}]}]},"light_blue.json":{"pools":[{"rolls":1,"entries":[{"type":"item","name":"minecraft:light_blue_wool","weight":1}]},{"rolls":1,"entries":[{"type":"loot_table","name":"minecraft:entities/sheep","weight":1}]}]},"light_gray.json":{"pools":[{"rolls":1,"entries":[{"type":"item","name":"minecraft:light_gray_wool","weight":1}]},{"rolls":1,"entries":[{"type":"loot_table","name":"minecraft:entities/sheep","weight":1}]}]},"lime.json":{"pools":[{"rolls":1,"entries":[{"type":"item","name":"minecraft:lime_wool","weight":1}]},{"rolls":1,"entries":[{"type":"loot_table","name":"minecraft:entities/sheep","weight":1}]}]},"magenta.json":{"pools":[{"rolls":1,"entries":[{"type":"item","name":"minecraft:magenta_wool","weight":1}]},{"rolls":1,"entries":[{"type":"loot_table","name":"minecraft:entities/sheep","weight":1}]}]},"orange.json":{"pools":[{"rolls":1,"entries":[{"type":"item","name":"minecraft:orange_wool","weight":1}]},{"rolls":1,"entries":[{"type":"loot_table","name":"minecraft:entities/sheep","weight":1}]}]},"pink.json":{"pools":[{"rolls":1,"entries":[{"type":"item","name":"minecraft:pink_wool","weight":1}]},{"rolls":1,"entries":[{"type":"loot_table","name":"minecraft:entities/sheep","weight":1}]}]},"purple.json":{"pools":[{"rolls":1,"entries":[{"type":"item","name":"minecraft:purple_wool","weight":1}]},{"rolls":1,"entries":[{"type":"loot_table","name":"minecraft:entities/sheep","weight":1}]}]},"red.json":{"pools":[{"rolls":1,"entries":[{"type":"item","name":"minecraft:red_wool","weight":1}]},{"rolls":1,"entries":[{"type":"loot_table","name":"minecraft:entities/sheep","weight":1}]}]},"white.json":{"pools":[{"rolls":1,"entries":[{"type":"item","name":"minecraft:white_wool","weight":1}]},{"rolls":1,"entries":[{"type":"loot_table","name":"minecraft:entities/sheep","weight":1}]}]},"yellow.json":{"pools":[{"rolls":1,"entries":[{"type":"item","name":"minecraft:yellow_wool","weight":1}]},{"rolls":1,"entries":[{"type":"loot_table","name":"minecraft:entities/sheep","weight":1}]}]}},"shulker.json":{"pools":[{"conditions":[{"condition":"random_chance_with_looting","chance":0.5,"looting_multiplier":0.0625}],"rolls":1,"entries":[{"type":"item","name":"minecraft:shulker_shell"}]}]},"silverfish.json":{},"skeleton.json":{"pools":[{"rolls":1,"entries":[{"type":"item","name":"minecraft:arrow","weight":1,"functions":[{"function":"set_count","count":{"min":0,"max":2}},{"function":"looting_enchant","count":{"min":0,"max":1}}]}]},{"rolls":1,"entries":[{"type":"item","name":"minecraft:bone","weight":1,"functions":[{"function":"set_count","count":{"min":0,"max":2}},{"function":"looting_enchant","count":{"min":0,"max":1}}]}]}]},"skeleton_horse.json":{"pools":[{"rolls":1,"entries":[{"type":"item","name":"minecraft:bone","weight":1,"functions":[{"function":"set_count","count":{"min":0,"max":2}},{"function":"looting_enchant","count":{"min":0,"max":1}}]}]}]},"slime.json":{"pools":[{"rolls":1,"entries":[{"type":"item","name":"minecraft:slime_ball","weight":1,"functions":[{"function":"set_count","count":{"min":0,"max":2}},{"function":"looting_enchant","count":{"min":0,"max":1}}]}]}]},"snow_golem.json":{"pools":[{"rolls":1,"entries":[{"type":"item","name":"minecraft:snowball","weight":1,"functions":[{"function":"set_count","count":{"min":0,"max":15}}]}]}]},"spider.json":{"pools":[{"rolls":1,"entries":[{"type":"item","name":"minecraft:string","weight":1,"functions":[{"function":"set_count","count":{"min":0,"max":2}},{"function":"looting_enchant","count":{"min":0,"max":1}}]}]},{"rolls":1,"entries":[{"type":"item","name":"minecraft:spider_eye","weight":1,"functions":[{"function":"set_count","count":{"min":-1,"max":1}},{"function":"looting_enchant","count":{"min":0,"max":1}}]}],"conditions":[{"condition":"killed_by_player"}]}]},"squid.json":{"pools":[{"rolls":1,"entries":[{"type":"item","name":"minecraft:ink_sac","weight":1,"functions":[{"function":"set_count","count":{"min":1,"max":3}},{"function":"looting_enchant","count":{"min":0,"max":1}}]}]}]},"stray.json":{"pools":[{"rolls":1,"entries":[{"type":"item","name":"minecraft:arrow","weight":1,"functions":[{"function":"set_count","count":{"min":0,"max":2}},{"function":"looting_enchant","count":{"min":0,"max":1}}]}]},{"rolls":1,"entries":[{"type":"item","name":"minecraft:bone","weight":1,"functions":[{"function":"set_count","count":{"min":0,"max":2}},{"function":"looting_enchant","count":{"min":0,"max":1}}]}]},{"rolls":1,"entries":[{"type":"item","name":"minecraft:tipped_arrow","weight":1,"functions":[{"function":"set_count","count":{"min":0,"max":1}},{"function":"looting_enchant","count":{"min":0,"max":1},"limit":1},{"function":"set_nbt","tag":"{Potion:\"minecraft:slowness\"}"}]}],"conditions":[{"condition":"killed_by_player"}]}]},"tropical_fish.json":{"pools":[{"rolls":1,"entries":[{"type":"item","name":"minecraft:tropical_fish","weight":1,"functions":[{"function":"set_count","count":{"min":1,"max":1}}]}]},{"conditions":[{"condition":"random_chance","chance":0.05}],"rolls":1,"entries":[{"type":"item","name":"minecraft:bone_meal","weight":1}]}]},"turtle.json":{"pools":[{"rolls":1,"entries":[{"type":"item","name":"minecraft:seagrass","weight":3,"functions":[{"function":"set_count","count":{"min":0,"max":2}},{"function":"looting_enchant","count":{"min":0,"max":1}}]}]}]},"vex.json":{},"villager.json":{},"vindicator.json":{"pools":[{"rolls":1,"entries":[{"type":"item","name":"minecraft:emerald","weight":1,"functions":[{"function":"set_count","count":{"min":0,"max":1}},{"function":"looting_enchant","count":{"min":0,"max":1}}]}],"conditions":[{"condition":"killed_by_player"}]}]},"witch.json":{"pools":[{"rolls":{"min":1,"max":3},"entries":[{"type":"item","name":"minecraft:glowstone_dust","weight":1,"functions":[{"function":"set_count","count":{"min":0,"max":2}},{"function":"looting_enchant","count":{"min":0,"max":1}}]},{"type":"item","name":"minecraft:sugar","weight":1,"functions":[{"function":"set_count","count":{"min":0,"max":2}},{"function":"looting_enchant","count":{"min":0,"max":1}}]},{"type":"item","name":"minecraft:redstone","weight":1,"functions":[{"function":"set_count","count":{"min":0,"max":2}},{"function":"looting_enchant","count":{"min":0,"max":1}}]},{"type":"item","name":"minecraft:spider_eye","weight":1,"functions":[{"function":"set_count","count":{"min":0,"max":2}},{"function":"looting_enchant","count":{"min":0,"max":1}}]},{"type":"item","name":"minecraft:glass_bottle","weight":1,"functions":[{"function":"set_count","count":{"min":0,"max":2}},{"function":"looting_enchant","count":{"min":0,"max":1}}]},{"type":"item","name":"minecraft:gunpowder","weight":1,"functions":[{"function":"set_count","count":{"min":0,"max":2}},{"function":"looting_enchant","count":{"min":0,"max":1}}]},{"type":"item","name":"minecraft:stick","weight":2,"functions":[{"function":"set_count","count":{"min":0,"max":2}},{"function":"looting_enchant","count":{"min":0,"max":1}}]}]}]},"wither_skeleton.json":{"pools":[{"rolls":1,"entries":[{"type":"item","name":"minecraft:coal","weight":1,"functions":[{"function":"set_count","count":{"min":-1,"max":1}},{"function":"looting_enchant","count":{"min":0,"max":1}}]}]},{"rolls":1,"entries":[{"type":"item","name":"minecraft:bone","weight":1,"functions":[{"function":"set_count","count":{"min":0,"max":2}},{"function":"looting_enchant","count":{"min":0,"max":1}}]}]},{"conditions":[{"condition":"killed_by_player"},{"condition":"random_chance_with_looting","chance":0.025,"looting_multiplier":0.01}],"rolls":1,"entries":[{"type":"item","name":"minecraft:wither_skeleton_skull","weight":1}]}]},"wolf.json":{},"zombie.json":{"pools":[{"rolls":1,"entries":[{"type":"item","name":"minecraft:rotten_flesh","weight":1,"functions":[{"function":"set_count","count":{"min":0,"max":2}},{"function":"looting_enchant","count":{"min":0,"max":1}}]}]},{"conditions":[{"condition":"killed_by_player"},{"condition":"random_chance_with_looting","chance":0.025,"looting_multiplier":0.01}],"rolls":1,"entries":[{"type":"item","name":"minecraft:iron_ingot","weight":1},{"type":"item","name":"minecraft:carrot","weight":1},{"type":"item","name":"minecraft:potato","weight":1}]}]},"zombie_horse.json":{"pools":[{"rolls":1,"entries":[{"type":"item","name":"minecraft:rotten_flesh","weight":1,"functions":[{"function":"set_count","count":{"min":0,"max":2}},{"function":"looting_enchant","count":{"min":0,"max":1}}]}]}]},"zombie_pigman.json":{"pools":[{"rolls":1,"entries":[{"type":"item","name":"minecraft:rotten_flesh","weight":1,"functions":[{"function":"set_count","count":{"min":0,"max":1}},{"function":"looting_enchant","count":{"min":0,"max":1}}]}]},{"rolls":1,"entries":[{"type":"item","name":"minecraft:gold_nugget","weight":1,"functions":[{"function":"set_count","count":{"min":0,"max":1}},{"function":"looting_enchant","count":{"min":0,"max":1}}]}]},{"conditions":[{"condition":"killed_by_player"},{"condition":"random_chance_with_looting","chance":0.025,"looting_multiplier":0.01}],"rolls":1,"entries":[{"type":"item","name":"minecraft:gold_ingot","weight":1}]}]},"zombie_villager.json":{"pools":[{"rolls":1,"entries":[{"type":"item","name":"minecraft:rotten_flesh","weight":1,"functions":[{"function":"set_count","count":{"min":0,"max":2}},{"function":"looting_enchant","count":{"min":0,"max":1}}]}]},{"conditions":[{"condition":"killed_by_player"},{"condition":"random_chance_with_looting","chance":0.025,"looting_multiplier":0.01}],"rolls":1,"entries":[{"type":"item","name":"minecraft:iron_ingot","weight":1},{"type":"item","name":"minecraft:carrot","weight":1},{"type":"item","name":"minecraft:potato","weight":1}]}]}},"gameplay":{"fishing.json":{"pools":[{"rolls":1,"entries":[{"type":"loot_table","name":"minecraft:gameplay/fishing/junk","weight":10,"quality":-2},{"type":"loot_table","name":"minecraft:gameplay/fishing/treasure","weight":5,"quality":2},{"type":"loot_table","name":"minecraft:gameplay/fishing/fish","weight":85,"quality":-1}]}]},"fishing":{"fish.json":{"pools":[{"rolls":1,"entries":[{"type":"item","name":"minecraft:cod","weight":60},{"type":"item","name":"minecraft:salmon","weight":25},{"type":"item","name":"minecraft:tropical_fish","weight":2},{"type":"item","name":"minecraft:pufferfish","weight":13}]}]},"junk.json":{"pools":[{"rolls":1,"entries":[{"type":"item","name":"minecraft:leather_boots","weight":10,"functions":[{"function":"set_damage","damage":{"min":0,"max":0.9}}]},{"type":"item","name":"minecraft:leather","weight":10},{"type":"item","name":"minecraft:bone","weight":10},{"type":"item","name":"minecraft:potion","weight":10,"functions":[{"function":"set_nbt","tag":"{Potion:\"minecraft:water\"}"}]},{"type":"item","name":"minecraft:string","weight":5},{"type":"item","name":"minecraft:fishing_rod","weight":2,"functions":[{"function":"set_damage","damage":{"min":0,"max":0.9}}]},{"type":"item","name":"minecraft:bowl","weight":10},{"type":"item","name":"minecraft:stick","weight":5},{"type":"item","name":"minecraft:ink_sac","weight":1,"functions":[{"function":"set_count","count":10}]},{"type":"item","name":"minecraft:tripwire_hook","weight":10},{"type":"item","name":"minecraft:rotten_flesh","weight":10}]}]},"treasure.json":{"pools":[{"rolls":1,"entries":[{"type":"item","name":"minecraft:lily_pad","weight":1},{"type":"item","name":"minecraft:name_tag","weight":1},{"type":"item","name":"minecraft:saddle","weight":1},{"type":"item","name":"minecraft:bow","weight":1,"functions":[{"function":"set_damage","damage":{"min":0,"max":0.25}},{"function":"enchant_with_levels","levels":30,"treasure":true}]},{"type":"item","name":"minecraft:fishing_rod","weight":1,"functions":[{"function":"set_damage","damage":{"min":0,"max":0.25}},{"function":"enchant_with_levels","levels":30,"treasure":true}]},{"type":"item","name":"minecraft:book","weight":1,"functions":[{"function":"enchant_with_levels","levels":30,"treasure":true}]},{"type":"item","name":"minecraft:nautilus_shell","weight":1}]}]}}}}}}}