{"toolbox:loot_table_randomizer_group_chests":[{"selected":true,"assetId":"minecraft:abandoned_mineshaft","value":"data/minecraft/loot_tables/chests/abandoned_mineshaft.json"},{"selected":true,"assetId":"minecraft:buried_treasure","value":"data/minecraft/loot_tables/chests/buried_treasure.json"},{"selected":true,"assetId":"minecraft:desert_pyramid","value":"data/minecraft/loot_tables/chests/desert_pyramid.json"},{"selected":true,"assetId":"minecraft:end_city_treasure","value":"data/minecraft/loot_tables/chests/end_city_treasure.json"},{"selected":true,"assetId":"minecraft:igloo_chest","value":"data/minecraft/loot_tables/chests/igloo_chest.json"},{"selected":true,"assetId":"minecraft:jungle_temple","value":"data/minecraft/loot_tables/chests/jungle_temple.json"},{"selected":true,"assetId":"minecraft:jungle_temple_dispenser","value":"data/minecraft/loot_tables/chests/jungle_temple_dispenser.json"},{"selected":true,"assetId":"minecraft:nether_bridge","value":"data/minecraft/loot_tables/chests/nether_bridge.json"},{"selected":true,"assetId":"minecraft:shipwreck_map","value":"data/minecraft/loot_tables/chests/shipwreck_map.json"},{"selected":true,"assetId":"minecraft:shipwreck_supply","value":"data/minecraft/loot_tables/chests/shipwreck_supply.json"},{"selected":true,"assetId":"minecraft:shipwreck_treasure","value":"data/minecraft/loot_tables/chests/shipwreck_treasure.json"},{"selected":true,"assetId":"minecraft:simple_dungeon","value":"data/minecraft/loot_tables/chests/simple_dungeon.json"},{"selected":false,"assetId":"minecraft:spawn_bonus_chest","value":"data/minecraft/loot_tables/chests/spawn_bonus_chest.json"},{"selected":true,"assetId":"minecraft:stronghold_corridor","value":"data/minecraft/loot_tables/chests/stronghold_corridor.json"},{"selected":true,"assetId":"minecraft:stronghold_crossing","value":"data/minecraft/loot_tables/chests/stronghold_crossing.json"},{"selected":true,"assetId":"minecraft:stronghold_library","value":"data/minecraft/loot_tables/chests/stronghold_library.json"},{"selected":true,"assetId":"minecraft:underwater_ruin_big","value":"data/minecraft/loot_tables/chests/underwater_ruin_big.json"},{"selected":true,"assetId":"minecraft:underwater_ruin_small","value":"data/minecraft/loot_tables/chests/underwater_ruin_small.json"},{"selected":true,"assetId":"minecraft:village_blacksmith","value":"data/minecraft/loot_tables/chests/village_blacksmith.json"},{"selected":true,"assetId":"minecraft:woodland_mansion","value":"data/minecraft/loot_tables/chests/woodland_mansion.json"}],"toolbox:loot_table_randomizer_group_entities":[{"selected":true,"assetId":"minecraft:bat","value":"data/minecraft/loot_tables/entities/bat.json"},{"selected":true,"assetId":"minecraft:blaze","value":"data/minecraft/loot_tables/entities/blaze.json"},{"selected":true,"assetId":"minecraft:cave_spider","value":"data/minecraft/loot_tables/entities/cave_spider.json"},{"selected":true,"assetId":"minecraft:chicken","value":"data/minecraft/loot_tables/entities/chicken.json"},{"selected":true,"assetId":"minecraft:cod","value":"data/minecraft/loot_tables/entities/cod.json"},{"selected":true,"assetId":"minecraft:cow","value":"data/minecraft/loot_tables/entities/cow.json"},{"selected":true,"assetId":"minecraft:creeper","value":"data/minecraft/loot_tables/entities/creeper.json"},{"selected":true,"assetId":"minecraft:dolphin","value":"data/minecraft/loot_tables/entities/dolphin.json"},{"selected":true,"assetId":"minecraft:donkey","value":"data/minecraft/loot_tables/entities/donkey.json"},{"selected":true,"assetId":"minecraft:drowned","value":"data/minecraft/loot_tables/entities/drowned.json"},{"selected":true,"assetId":"minecraft:elder_guardian","value":"data/minecraft/loot_tables/entities/elder_guardian.json"},{"selected":true,"assetId":"minecraft:ender_dragon","value":"data/minecraft/loot_tables/entities/ender_dragon.json"},{"selected":true,"assetId":"minecraft:enderman","value":"data/minecraft/loot_tables/entities/enderman.json"},{"selected":true,"assetId":"minecraft:endermite","value":"data/minecraft/loot_tables/entities/endermite.json"},{"selected":true,"assetId":"minecraft:evoker","value":"data/minecraft/loot_tables/entities/evoker.json"},{"selected":true,"assetId":"minecraft:ghast","value":"data/minecraft/loot_tables/entities/ghast.json"},{"selected":false,"assetId":"minecraft:giant","value":"data/minecraft/loot_tables/entities/giant.json"},{"selected":true,"assetId":"minecraft:guardian","value":"data/minecraft/loot_tables/entities/guardian.json"},{"selected":true,"assetId":"minecraft:horse","value":"data/minecraft/loot_tables/entities/horse.json"},{"selected":true,"assetId":"minecraft:husk","value":"data/minecraft/loot_tables/entities/husk.json"},{"selected":true,"assetId":"minecraft:iron_golem","value":"data/minecraft/loot_tables/entities/iron_golem.json"},{"selected":true,"assetId":"minecraft:llama","value":"data/minecraft/loot_tables/entities/llama.json"},{"selected":true,"assetId":"minecraft:magma_cube","value":"data/minecraft/loot_tables/entities/magma_cube.json"},{"selected":true,"assetId":"minecraft:mule","value":"data/minecraft/loot_tables/entities/mule.json"},{"selected":true,"assetId":"minecraft:mushroom_cow","value":"data/minecraft/loot_tables/entities/mushroom_cow.json"},{"selected":true,"assetId":"minecraft:ocelot","value":"data/minecraft/loot_tables/entities/ocelot.json"},{"selected":true,"assetId":"minecraft:parrot","value":"data/minecraft/loot_tables/entities/parrot.json"},{"selected":true,"assetId":"minecraft:phantom","value":"data/minecraft/loot_tables/entities/phantom.json"},{"selected":true,"assetId":"minecraft:pig","value":"data/minecraft/loot_tables/entities/pig.json"},{"selected":true,"assetId":"minecraft:polar_bear","value":"data/minecraft/loot_tables/entities/polar_bear.json"},{"selected":true,"assetId":"minecraft:pufferfish","value":"data/minecraft/loot_tables/entities/pufferfish.json"},{"selected":true,"assetId":"minecraft:rabbit","value":"data/minecraft/loot_tables/entities/rabbit.json"},{"selected":true,"assetId":"minecraft:salmon","value":"data/minecraft/loot_tables/entities/salmon.json"},{"selected":true,"assetId":"minecraft:sheep","value":"data/minecraft/loot_tables/entities/sheep.json"},{"selected":true,"assetId":"minecraft:sheep_black","value":"data/minecraft/loot_tables/entities/sheep/black.json"},{"selected":true,"assetId":"minecraft:sheep_blue","value":"data/minecraft/loot_tables/entities/sheep/blue.json"},{"selected":true,"assetId":"minecraft:sheep_brown","value":"data/minecraft/loot_tables/entities/sheep/brown.json"},{"selected":true,"assetId":"minecraft:sheep_cyan","value":"data/minecraft/loot_tables/entities/sheep/cyan.json"},{"selected":true,"assetId":"minecraft:sheep_gray","value":"data/minecraft/loot_tables/entities/sheep/gray.json"},{"selected":true,"assetId":"minecraft:sheep_green","value":"data/minecraft/loot_tables/entities/sheep/green.json"},{"selected":true,"assetId":"minecraft:sheep_light_blue","value":"data/minecraft/loot_tables/entities/sheep/light_blue.json"},{"selected":true,"assetId":"minecraft:sheep_light_gray","value":"data/minecraft/loot_tables/entities/sheep/light_gray.json"},{"selected":true,"assetId":"minecraft:sheep_lime","value":"data/minecraft/loot_tables/entities/sheep/lime.json"},{"selected":true,"assetId":"minecraft:sheep_magenta","value":"data/minecraft/loot_tables/entities/sheep/magenta.json"},{"selected":true,"assetId":"minecraft:sheep_orange","value":"data/minecraft/loot_tables/entities/sheep/orange.json"},{"selected":true,"assetId":"minecraft:sheep_pink","value":"data/minecraft/loot_tables/entities/sheep/pink.json"},{"selected":true,"assetId":"minecraft:sheep_purple","value":"data/minecraft/loot_tables/entities/sheep/purple.json"},{"selected":true,"assetId":"minecraft:sheep_red","value":"data/minecraft/loot_tables/entities/sheep/red.json"},{"selected":true,"assetId":"minecraft:sheep_white","value":"data/minecraft/loot_tables/entities/sheep/white.json"},{"selected":true,"assetId":"minecraft:sheep_yellow","value":"data/minecraft/loot_tables/entities/sheep/yellow.json"},{"selected":true,"assetId":"minecraft:shulker","value":"data/minecraft/loot_tables/entities/shulker.json"},{"selected":true,"assetId":"minecraft:silverfish","value":"data/minecraft/loot_tables/entities/silverfish.json"},{"selected":true,"assetId":"minecraft:skeleton","value":"data/minecraft/loot_tables/entities/skeleton.json"},{"selected":true,"assetId":"minecraft:skeleton_horse","value":"data/minecraft/loot_tables/entities/skeleton_horse.json"},{"selected":true,"assetId":"minecraft:slime","value":"data/minecraft/loot_tables/entities/slime.json"},{"selected":true,"assetId":"minecraft:snow_golem","value":"data/minecraft/loot_tables/entities/snow_golem.json"},{"selected":true,"assetId":"minecraft:spider","value":"data/minecraft/loot_tables/entities/spider.json"},{"selected":true,"assetId":"minecraft:squid","value":"data/minecraft/loot_tables/entities/squid.json"},{"selected":true,"assetId":"minecraft:stray","value":"data/minecraft/loot_tables/entities/stray.json"},{"selected":true,"assetId":"minecraft:tropical_fish","value":"data/minecraft/loot_tables/entities/tropical_fish.json"},{"selected":true,"assetId":"minecraft:turtle","value":"data/minecraft/loot_tables/entities/turtle.json"},{"selected":true,"assetId":"minecraft:vex","value":"data/minecraft/loot_tables/entities/vex.json"},{"selected":true,"assetId":"minecraft:villager","value":"data/minecraft/loot_tables/entities/villager.json"},{"selected":true,"assetId":"minecraft:vindicator","value":"data/minecraft/loot_tables/entities/vindicator.json"},{"selected":true,"assetId":"minecraft:witch","value":"data/minecraft/loot_tables/entities/witch.json"},{"selected":true,"assetId":"minecraft:wither_skeleton","value":"data/minecraft/loot_tables/entities/wither_skeleton.json"},{"selected":true,"assetId":"minecraft:wolf","value":"data/minecraft/loot_tables/entities/wolf.json"},{"selected":true,"assetId":"minecraft:zombie","value":"data/minecraft/loot_tables/entities/zombie.json"},{"selected":false,"assetId":"minecraft:zombie_horse","value":"data/minecraft/loot_tables/entities/zombie_horse.json"},{"selected":true,"assetId":"minecraft:zombie_pigman","value":"data/minecraft/loot_tables/entities/zombie_pigman.json"},{"selected":true,"assetId":"minecraft:zombie_villager","value":"data/minecraft/loot_tables/entities/zombie_villager.json"}],"toolbox:loot_table_randomizer_group_gameplay":[{"selected":true,"assetId":"minecraft:fishing","value":"data/minecraft/loot_tables/gameplay/fishing.json"},{"selected":true,"assetId":"minecraft:fishing_fish","value":"data/minecraft/loot_tables/gameplay/fishing/fish.json"},{"selected":true,"assetId":"minecraft:fishing_junk","value":"data/minecraft/loot_tables/gameplay/fishing/junk.json"},{"selected":true,"assetId":"minecraft:fishing_treasure","value":"data/minecraft/loot_tables/gameplay/fishing/treasure.json"}]}