{"toolbox:crafting_recipes_randomizer_group_crafting":[{"selected":true,"assetId":"minecraft:acacia_boat","value":"data/minecraft/recipes/acacia_boat.json"},{"selected":true,"assetId":"minecraft:acacia_button","value":"data/minecraft/recipes/acacia_button.json"},{"selected":true,"assetId":"minecraft:acacia_door","value":"data/minecraft/recipes/acacia_door.json"},{"selected":true,"assetId":"minecraft:acacia_fence","value":"data/minecraft/recipes/acacia_fence.json"},{"selected":true,"assetId":"minecraft:acacia_fence_gate","value":"data/minecraft/recipes/acacia_fence_gate.json"},{"selected":true,"assetId":"minecraft:acacia_planks","value":"data/minecraft/recipes/acacia_planks.json"},{"selected":true,"assetId":"minecraft:acacia_pressure_plate","value":"data/minecraft/recipes/acacia_pressure_plate.json"},{"selected":true,"assetId":"minecraft:acacia_sign","value":"data/minecraft/recipes/acacia_sign.json"},{"selected":true,"assetId":"minecraft:acacia_slab","value":"data/minecraft/recipes/acacia_slab.json"},{"selected":true,"assetId":"minecraft:acacia_stairs","value":"data/minecraft/recipes/acacia_stairs.json"},{"selected":true,"assetId":"minecraft:acacia_trapdoor","value":"data/minecraft/recipes/acacia_trapdoor.json"},{"selected":true,"assetId":"minecraft:acacia_wood","value":"data/minecraft/recipes/acacia_wood.json"},{"selected":true,"assetId":"minecraft:activator_rail","value":"data/minecraft/recipes/activator_rail.json"},{"selected":true,"assetId":"minecraft:andesite","value":"data/minecraft/recipes/andesite.json"},{"selected":true,"assetId":"minecraft:andesite_slab","value":"data/minecraft/recipes/andesite_slab.json"},{"selected":true,"assetId":"minecraft:andesite_stairs","value":"data/minecraft/recipes/andesite_stairs.json"},{"selected":true,"assetId":"minecraft:andesite_wall","value":"data/minecraft/recipes/andesite_wall.json"},{"selected":true,"assetId":"minecraft:anvil","value":"data/minecraft/recipes/anvil.json"},{"selected":true,"assetId":"minecraft:armor_stand","value":"data/minecraft/recipes/armor_stand.json"},{"selected":true,"assetId":"minecraft:arrow","value":"data/minecraft/recipes/arrow.json"},{"selected":true,"assetId":"minecraft:barrel","value":"data/minecraft/recipes/barrel.json"},{"selected":true,"assetId":"minecraft:beacon","value":"data/minecraft/recipes/beacon.json"},{"selected":true,"assetId":"minecraft:beehive","value":"data/minecraft/recipes/beehive.json"},{"selected":true,"assetId":"minecraft:beetroot_soup","value":"data/minecraft/recipes/beetroot_soup.json"},{"selected":true,"assetId":"minecraft:birch_boat","value":"data/minecraft/recipes/birch_boat.json"},{"selected":true,"assetId":"minecraft:birch_button","value":"data/minecraft/recipes/birch_button.json"},{"selected":true,"assetId":"minecraft:birch_door","value":"data/minecraft/recipes/birch_door.json"},{"selected":true,"assetId":"minecraft:birch_fence","value":"data/minecraft/recipes/birch_fence.json"},{"selected":true,"assetId":"minecraft:birch_fence_gate","value":"data/minecraft/recipes/birch_fence_gate.json"},{"selected":true,"assetId":"minecraft:birch_planks","value":"data/minecraft/recipes/birch_planks.json"},{"selected":true,"assetId":"minecraft:birch_pressure_plate","value":"data/minecraft/recipes/birch_pressure_plate.json"},{"selected":true,"assetId":"minecraft:birch_sign","value":"data/minecraft/recipes/birch_sign.json"},{"selected":true,"assetId":"minecraft:birch_slab","value":"data/minecraft/recipes/birch_slab.json"},{"selected":true,"assetId":"minecraft:birch_stairs","value":"data/minecraft/recipes/birch_stairs.json"},{"selected":true,"assetId":"minecraft:birch_trapdoor","value":"data/minecraft/recipes/birch_trapdoor.json"},{"selected":true,"assetId":"minecraft:birch_wood","value":"data/minecraft/recipes/birch_wood.json"},{"selected":true,"assetId":"minecraft:black_banner","value":"data/minecraft/recipes/black_banner.json"},{"selected":true,"assetId":"minecraft:black_bed","value":"data/minecraft/recipes/black_bed.json"},{"selected":true,"assetId":"minecraft:black_bed","value":"data/minecraft/recipes/black_bed_from_white_bed.json"},{"selected":true,"assetId":"minecraft:black_carpet","value":"data/minecraft/recipes/black_carpet.json"},{"selected":true,"assetId":"minecraft:black_carpet","value":"data/minecraft/recipes/black_carpet_from_white_carpet.json"},{"selected":true,"assetId":"minecraft:black_concrete_powder","value":"data/minecraft/recipes/black_concrete_powder.json"},{"selected":true,"assetId":"minecraft:black_dye","value":"data/minecraft/recipes/black_dye.json"},{"selected":true,"assetId":"minecraft:black_dye","value":"data/minecraft/recipes/black_dye_from_wither_rose.json"},{"selected":true,"assetId":"minecraft:black_stained_glass","value":"data/minecraft/recipes/black_stained_glass.json"},{"selected":true,"assetId":"minecraft:black_stained_glass_pane","value":"data/minecraft/recipes/black_stained_glass_pane.json"},{"selected":true,"assetId":"minecraft:black_stained_glass_pane","value":"data/minecraft/recipes/black_stained_glass_pane_from_glass_pane.json"},{"selected":true,"assetId":"minecraft:black_terracotta","value":"data/minecraft/recipes/black_terracotta.json"},{"selected":true,"assetId":"minecraft:black_wool","value":"data/minecraft/recipes/black_wool.json"},{"selected":true,"assetId":"minecraft:blast_furnace","value":"data/minecraft/recipes/blast_furnace.json"},{"selected":true,"assetId":"minecraft:blaze_powder","value":"data/minecraft/recipes/blaze_powder.json"},{"selected":true,"assetId":"minecraft:blue_banner","value":"data/minecraft/recipes/blue_banner.json"},{"selected":true,"assetId":"minecraft:blue_bed","value":"data/minecraft/recipes/blue_bed.json"},{"selected":true,"assetId":"minecraft:blue_bed","value":"data/minecraft/recipes/blue_bed_from_white_bed.json"},{"selected":true,"assetId":"minecraft:blue_carpet","value":"data/minecraft/recipes/blue_carpet.json"},{"selected":true,"assetId":"minecraft:blue_carpet","value":"data/minecraft/recipes/blue_carpet_from_white_carpet.json"},{"selected":true,"assetId":"minecraft:blue_concrete_powder","value":"data/minecraft/recipes/blue_concrete_powder.json"},{"selected":true,"assetId":"minecraft:blue_dye","value":"data/minecraft/recipes/blue_dye.json"},{"selected":true,"assetId":"minecraft:blue_dye","value":"data/minecraft/recipes/blue_dye_from_cornflower.json"},{"selected":true,"assetId":"minecraft:blue_ice","value":"data/minecraft/recipes/blue_ice.json"},{"selected":true,"assetId":"minecraft:blue_stained_glass","value":"data/minecraft/recipes/blue_stained_glass.json"},{"selected":true,"assetId":"minecraft:blue_stained_glass_pane","value":"data/minecraft/recipes/blue_stained_glass_pane.json"},{"selected":true,"assetId":"minecraft:blue_stained_glass_pane","value":"data/minecraft/recipes/blue_stained_glass_pane_from_glass_pane.json"},{"selected":true,"assetId":"minecraft:blue_terracotta","value":"data/minecraft/recipes/blue_terracotta.json"},{"selected":true,"assetId":"minecraft:blue_wool","value":"data/minecraft/recipes/blue_wool.json"},{"selected":true,"assetId":"minecraft:bone_block","value":"data/minecraft/recipes/bone_block.json"},{"selected":true,"assetId":"minecraft:bone_meal","value":"data/minecraft/recipes/bone_meal.json"},{"selected":true,"assetId":"minecraft:bone_meal","value":"data/minecraft/recipes/bone_meal_from_bone_block.json"},{"selected":true,"assetId":"minecraft:book","value":"data/minecraft/recipes/book.json"},{"selected":true,"assetId":"minecraft:bookshelf","value":"data/minecraft/recipes/bookshelf.json"},{"selected":true,"assetId":"minecraft:bow","value":"data/minecraft/recipes/bow.json"},{"selected":true,"assetId":"minecraft:bowl","value":"data/minecraft/recipes/bowl.json"},{"selected":true,"assetId":"minecraft:bread","value":"data/minecraft/recipes/bread.json"},{"selected":true,"assetId":"minecraft:brewing_stand","value":"data/minecraft/recipes/brewing_stand.json"},{"selected":true,"assetId":"minecraft:brick_slab","value":"data/minecraft/recipes/brick_slab.json"},{"selected":true,"assetId":"minecraft:brick_stairs","value":"data/minecraft/recipes/brick_stairs.json"},{"selected":true,"assetId":"minecraft:brick_wall","value":"data/minecraft/recipes/brick_wall.json"},{"selected":true,"assetId":"minecraft:bricks","value":"data/minecraft/recipes/bricks.json"},{"selected":true,"assetId":"minecraft:brown_banner","value":"data/minecraft/recipes/brown_banner.json"},{"selected":true,"assetId":"minecraft:brown_bed","value":"data/minecraft/recipes/brown_bed.json"},{"selected":true,"assetId":"minecraft:brown_bed","value":"data/minecraft/recipes/brown_bed_from_white_bed.json"},{"selected":true,"assetId":"minecraft:brown_carpet","value":"data/minecraft/recipes/brown_carpet.json"},{"selected":true,"assetId":"minecraft:brown_carpet","value":"data/minecraft/recipes/brown_carpet_from_white_carpet.json"},{"selected":true,"assetId":"minecraft:brown_concrete_powder","value":"data/minecraft/recipes/brown_concrete_powder.json"},{"selected":true,"assetId":"minecraft:brown_dye","value":"data/minecraft/recipes/brown_dye.json"},{"selected":true,"assetId":"minecraft:brown_stained_glass","value":"data/minecraft/recipes/brown_stained_glass.json"},{"selected":true,"assetId":"minecraft:brown_stained_glass_pane","value":"data/minecraft/recipes/brown_stained_glass_pane.json"},{"selected":true,"assetId":"minecraft:brown_stained_glass_pane","value":"data/minecraft/recipes/brown_stained_glass_pane_from_glass_pane.json"},{"selected":true,"assetId":"minecraft:brown_terracotta","value":"data/minecraft/recipes/brown_terracotta.json"},{"selected":true,"assetId":"minecraft:brown_wool","value":"data/minecraft/recipes/brown_wool.json"},{"selected":true,"assetId":"minecraft:bucket","value":"data/minecraft/recipes/bucket.json"},{"selected":true,"assetId":"minecraft:cake","value":"data/minecraft/recipes/cake.json"},{"selected":true,"assetId":"minecraft:campfire","value":"data/minecraft/recipes/campfire.json"},{"selected":true,"assetId":"minecraft:carrot_on_a_stick","value":"data/minecraft/recipes/carrot_on_a_stick.json"},{"selected":true,"assetId":"minecraft:cartography_table","value":"data/minecraft/recipes/cartography_table.json"},{"selected":true,"assetId":"minecraft:cauldron","value":"data/minecraft/recipes/cauldron.json"},{"selected":true,"assetId":"minecraft:chest","value":"data/minecraft/recipes/chest.json"},{"selected":true,"assetId":"minecraft:chest_minecart","value":"data/minecraft/recipes/chest_minecart.json"},{"selected":true,"assetId":"minecraft:chiseled_quartz_block","value":"data/minecraft/recipes/chiseled_quartz_block.json"},{"selected":true,"assetId":"minecraft:chiseled_red_sandstone","value":"data/minecraft/recipes/chiseled_red_sandstone.json"},{"selected":true,"assetId":"minecraft:chiseled_sandstone","value":"data/minecraft/recipes/chiseled_sandstone.json"},{"selected":true,"assetId":"minecraft:chiseled_stone_bricks","value":"data/minecraft/recipes/chiseled_stone_bricks.json"},{"selected":true,"assetId":"minecraft:clay","value":"data/minecraft/recipes/clay.json"},{"selected":true,"assetId":"minecraft:clock","value":"data/minecraft/recipes/clock.json"},{"selected":true,"assetId":"minecraft:coal","value":"data/minecraft/recipes/coal.json"},{"selected":true,"assetId":"minecraft:coal_block","value":"data/minecraft/recipes/coal_block.json"},{"selected":true,"assetId":"minecraft:coarse_dirt","value":"data/minecraft/recipes/coarse_dirt.json"},{"selected":true,"assetId":"minecraft:cobblestone_slab","value":"data/minecraft/recipes/cobblestone_slab.json"},{"selected":true,"assetId":"minecraft:cobblestone_stairs","value":"data/minecraft/recipes/cobblestone_stairs.json"},{"selected":true,"assetId":"minecraft:cobblestone_wall","value":"data/minecraft/recipes/cobblestone_wall.json"},{"selected":true,"assetId":"minecraft:comparator","value":"data/minecraft/recipes/comparator.json"},{"selected":true,"assetId":"minecraft:compass","value":"data/minecraft/recipes/compass.json"},{"selected":true,"assetId":"minecraft:composter","value":"data/minecraft/recipes/composter.json"},{"selected":true,"assetId":"minecraft:conduit","value":"data/minecraft/recipes/conduit.json"},{"selected":true,"assetId":"minecraft:cookie","value":"data/minecraft/recipes/cookie.json"},{"selected":true,"assetId":"minecraft:crafting_table","value":"data/minecraft/recipes/crafting_table.json"},{"selected":true,"assetId":"minecraft:creeper_banner_pattern","value":"data/minecraft/recipes/creeper_banner_pattern.json"},{"selected":true,"assetId":"minecraft:crossbow","value":"data/minecraft/recipes/crossbow.json"},{"selected":true,"assetId":"minecraft:cut_red_sandstone","value":"data/minecraft/recipes/cut_red_sandstone.json"},{"selected":true,"assetId":"minecraft:cut_red_sandstone_slab","value":"data/minecraft/recipes/cut_red_sandstone_slab.json"},{"selected":true,"assetId":"minecraft:cut_sandstone","value":"data/minecraft/recipes/cut_sandstone.json"},{"selected":true,"assetId":"minecraft:cut_sandstone_slab","value":"data/minecraft/recipes/cut_sandstone_slab.json"},{"selected":true,"assetId":"minecraft:cyan_banner","value":"data/minecraft/recipes/cyan_banner.json"},{"selected":true,"assetId":"minecraft:cyan_bed","value":"data/minecraft/recipes/cyan_bed.json"},{"selected":true,"assetId":"minecraft:cyan_bed","value":"data/minecraft/recipes/cyan_bed_from_white_bed.json"},{"selected":true,"assetId":"minecraft:cyan_carpet","value":"data/minecraft/recipes/cyan_carpet.json"},{"selected":true,"assetId":"minecraft:cyan_carpet","value":"data/minecraft/recipes/cyan_carpet_from_white_carpet.json"},{"selected":true,"assetId":"minecraft:cyan_concrete_powder","value":"data/minecraft/recipes/cyan_concrete_powder.json"},{"selected":true,"assetId":"minecraft:cyan_dye","value":"data/minecraft/recipes/cyan_dye.json"},{"selected":true,"assetId":"minecraft:cyan_stained_glass","value":"data/minecraft/recipes/cyan_stained_glass.json"},{"selected":true,"assetId":"minecraft:cyan_stained_glass_pane","value":"data/minecraft/recipes/cyan_stained_glass_pane.json"},{"selected":true,"assetId":"minecraft:cyan_stained_glass_pane","value":"data/minecraft/recipes/cyan_stained_glass_pane_from_glass_pane.json"},{"selected":true,"assetId":"minecraft:cyan_terracotta","value":"data/minecraft/recipes/cyan_terracotta.json"},{"selected":true,"assetId":"minecraft:cyan_wool","value":"data/minecraft/recipes/cyan_wool.json"},{"selected":true,"assetId":"minecraft:dark_oak_boat","value":"data/minecraft/recipes/dark_oak_boat.json"},{"selected":true,"assetId":"minecraft:dark_oak_button","value":"data/minecraft/recipes/dark_oak_button.json"},{"selected":true,"assetId":"minecraft:dark_oak_door","value":"data/minecraft/recipes/dark_oak_door.json"},{"selected":true,"assetId":"minecraft:dark_oak_fence","value":"data/minecraft/recipes/dark_oak_fence.json"},{"selected":true,"assetId":"minecraft:dark_oak_fence_gate","value":"data/minecraft/recipes/dark_oak_fence_gate.json"},{"selected":true,"assetId":"minecraft:dark_oak_planks","value":"data/minecraft/recipes/dark_oak_planks.json"},{"selected":true,"assetId":"minecraft:dark_oak_pressure_plate","value":"data/minecraft/recipes/dark_oak_pressure_plate.json"},{"selected":true,"assetId":"minecraft:dark_oak_sign","value":"data/minecraft/recipes/dark_oak_sign.json"},{"selected":true,"assetId":"minecraft:dark_oak_slab","value":"data/minecraft/recipes/dark_oak_slab.json"},{"selected":true,"assetId":"minecraft:dark_oak_stairs","value":"data/minecraft/recipes/dark_oak_stairs.json"},{"selected":true,"assetId":"minecraft:dark_oak_trapdoor","value":"data/minecraft/recipes/dark_oak_trapdoor.json"},{"selected":true,"assetId":"minecraft:dark_oak_wood","value":"data/minecraft/recipes/dark_oak_wood.json"},{"selected":true,"assetId":"minecraft:dark_prismarine","value":"data/minecraft/recipes/dark_prismarine.json"},{"selected":true,"assetId":"minecraft:dark_prismarine_slab","value":"data/minecraft/recipes/dark_prismarine_slab.json"},{"selected":true,"assetId":"minecraft:dark_prismarine_stairs","value":"data/minecraft/recipes/dark_prismarine_stairs.json"},{"selected":true,"assetId":"minecraft:daylight_detector","value":"data/minecraft/recipes/daylight_detector.json"},{"selected":true,"assetId":"minecraft:detector_rail","value":"data/minecraft/recipes/detector_rail.json"},{"selected":true,"assetId":"minecraft:diamond","value":"data/minecraft/recipes/diamond.json"},{"selected":true,"assetId":"minecraft:diamond_axe","value":"data/minecraft/recipes/diamond_axe.json"},{"selected":true,"assetId":"minecraft:diamond_block","value":"data/minecraft/recipes/diamond_block.json"},{"selected":true,"assetId":"minecraft:diamond_boots","value":"data/minecraft/recipes/diamond_boots.json"},{"selected":true,"assetId":"minecraft:diamond_chestplate","value":"data/minecraft/recipes/diamond_chestplate.json"},{"selected":true,"assetId":"minecraft:diamond_helmet","value":"data/minecraft/recipes/diamond_helmet.json"},{"selected":true,"assetId":"minecraft:diamond_hoe","value":"data/minecraft/recipes/diamond_hoe.json"},{"selected":true,"assetId":"minecraft:diamond_leggings","value":"data/minecraft/recipes/diamond_leggings.json"},{"selected":true,"assetId":"minecraft:diamond_pickaxe","value":"data/minecraft/recipes/diamond_pickaxe.json"},{"selected":true,"assetId":"minecraft:diamond_shovel","value":"data/minecraft/recipes/diamond_shovel.json"},{"selected":true,"assetId":"minecraft:diamond_sword","value":"data/minecraft/recipes/diamond_sword.json"},{"selected":true,"assetId":"minecraft:diorite","value":"data/minecraft/recipes/diorite.json"},{"selected":true,"assetId":"minecraft:diorite_slab","value":"data/minecraft/recipes/diorite_slab.json"},{"selected":true,"assetId":"minecraft:diorite_stairs","value":"data/minecraft/recipes/diorite_stairs.json"},{"selected":true,"assetId":"minecraft:diorite_wall","value":"data/minecraft/recipes/diorite_wall.json"},{"selected":true,"assetId":"minecraft:dispenser","value":"data/minecraft/recipes/dispenser.json"},{"selected":true,"assetId":"minecraft:dried_kelp","value":"data/minecraft/recipes/dried_kelp.json"},{"selected":true,"assetId":"minecraft:dried_kelp_block","value":"data/minecraft/recipes/dried_kelp_block.json"},{"selected":true,"assetId":"minecraft:dropper","value":"data/minecraft/recipes/dropper.json"},{"selected":true,"assetId":"minecraft:emerald","value":"data/minecraft/recipes/emerald.json"},{"selected":true,"assetId":"minecraft:emerald_block","value":"data/minecraft/recipes/emerald_block.json"},{"selected":true,"assetId":"minecraft:enchanting_table","value":"data/minecraft/recipes/enchanting_table.json"},{"selected":true,"assetId":"minecraft:end_crystal","value":"data/minecraft/recipes/end_crystal.json"},{"selected":true,"assetId":"minecraft:end_rod","value":"data/minecraft/recipes/end_rod.json"},{"selected":true,"assetId":"minecraft:end_stone_brick_slab","value":"data/minecraft/recipes/end_stone_brick_slab.json"},{"selected":true,"assetId":"minecraft:end_stone_brick_stairs","value":"data/minecraft/recipes/end_stone_brick_stairs.json"},{"selected":true,"assetId":"minecraft:end_stone_brick_wall","value":"data/minecraft/recipes/end_stone_brick_wall.json"},{"selected":true,"assetId":"minecraft:end_stone_bricks","value":"data/minecraft/recipes/end_stone_bricks.json"},{"selected":true,"assetId":"minecraft:ender_chest","value":"data/minecraft/recipes/ender_chest.json"},{"selected":true,"assetId":"minecraft:ender_eye","value":"data/minecraft/recipes/ender_eye.json"},{"selected":true,"assetId":"minecraft:fermented_spider_eye","value":"data/minecraft/recipes/fermented_spider_eye.json"},{"selected":true,"assetId":"minecraft:fire_charge","value":"data/minecraft/recipes/fire_charge.json"},{"selected":true,"assetId":"minecraft:fishing_rod","value":"data/minecraft/recipes/fishing_rod.json"},{"selected":true,"assetId":"minecraft:fletching_table","value":"data/minecraft/recipes/fletching_table.json"},{"selected":true,"assetId":"minecraft:flint_and_steel","value":"data/minecraft/recipes/flint_and_steel.json"},{"selected":true,"assetId":"minecraft:flower_banner_pattern","value":"data/minecraft/recipes/flower_banner_pattern.json"},{"selected":true,"assetId":"minecraft:flower_pot","value":"data/minecraft/recipes/flower_pot.json"},{"selected":true,"assetId":"minecraft:furnace","value":"data/minecraft/recipes/furnace.json"},{"selected":true,"assetId":"minecraft:furnace_minecart","value":"data/minecraft/recipes/furnace_minecart.json"},{"selected":true,"assetId":"minecraft:glass_bottle","value":"data/minecraft/recipes/glass_bottle.json"},{"selected":true,"assetId":"minecraft:glass_pane","value":"data/minecraft/recipes/glass_pane.json"},{"selected":true,"assetId":"minecraft:glistering_melon_slice","value":"data/minecraft/recipes/glistering_melon_slice.json"},{"selected":true,"assetId":"minecraft:glowstone","value":"data/minecraft/recipes/glowstone.json"},{"selected":true,"assetId":"minecraft:gold_block","value":"data/minecraft/recipes/gold_block.json"},{"selected":true,"assetId":"minecraft:gold_ingot","value":"data/minecraft/recipes/gold_ingot_from_gold_block.json"},{"selected":true,"assetId":"minecraft:gold_ingot","value":"data/minecraft/recipes/gold_ingot_from_nuggets.json"},{"selected":true,"assetId":"minecraft:gold_nugget","value":"data/minecraft/recipes/gold_nugget.json"},{"selected":true,"assetId":"minecraft:golden_apple","value":"data/minecraft/recipes/golden_apple.json"},{"selected":true,"assetId":"minecraft:golden_axe","value":"data/minecraft/recipes/golden_axe.json"},{"selected":true,"assetId":"minecraft:golden_boots","value":"data/minecraft/recipes/golden_boots.json"},{"selected":true,"assetId":"minecraft:golden_carrot","value":"data/minecraft/recipes/golden_carrot.json"},{"selected":true,"assetId":"minecraft:golden_chestplate","value":"data/minecraft/recipes/golden_chestplate.json"},{"selected":true,"assetId":"minecraft:golden_helmet","value":"data/minecraft/recipes/golden_helmet.json"},{"selected":true,"assetId":"minecraft:golden_hoe","value":"data/minecraft/recipes/golden_hoe.json"},{"selected":true,"assetId":"minecraft:golden_leggings","value":"data/minecraft/recipes/golden_leggings.json"},{"selected":true,"assetId":"minecraft:golden_pickaxe","value":"data/minecraft/recipes/golden_pickaxe.json"},{"selected":true,"assetId":"minecraft:golden_shovel","value":"data/minecraft/recipes/golden_shovel.json"},{"selected":true,"assetId":"minecraft:golden_sword","value":"data/minecraft/recipes/golden_sword.json"},{"selected":true,"assetId":"minecraft:granite","value":"data/minecraft/recipes/granite.json"},{"selected":true,"assetId":"minecraft:granite_slab","value":"data/minecraft/recipes/granite_slab.json"},{"selected":true,"assetId":"minecraft:granite_stairs","value":"data/minecraft/recipes/granite_stairs.json"},{"selected":true,"assetId":"minecraft:granite_wall","value":"data/minecraft/recipes/granite_wall.json"},{"selected":true,"assetId":"minecraft:gray_banner","value":"data/minecraft/recipes/gray_banner.json"},{"selected":true,"assetId":"minecraft:gray_bed","value":"data/minecraft/recipes/gray_bed.json"},{"selected":true,"assetId":"minecraft:gray_bed","value":"data/minecraft/recipes/gray_bed_from_white_bed.json"},{"selected":true,"assetId":"minecraft:gray_carpet","value":"data/minecraft/recipes/gray_carpet.json"},{"selected":true,"assetId":"minecraft:gray_carpet","value":"data/minecraft/recipes/gray_carpet_from_white_carpet.json"},{"selected":true,"assetId":"minecraft:gray_concrete_powder","value":"data/minecraft/recipes/gray_concrete_powder.json"},{"selected":true,"assetId":"minecraft:gray_dye","value":"data/minecraft/recipes/gray_dye.json"},{"selected":true,"assetId":"minecraft:gray_stained_glass","value":"data/minecraft/recipes/gray_stained_glass.json"},{"selected":true,"assetId":"minecraft:gray_stained_glass_pane","value":"data/minecraft/recipes/gray_stained_glass_pane.json"},{"selected":true,"assetId":"minecraft:gray_stained_glass_pane","value":"data/minecraft/recipes/gray_stained_glass_pane_from_glass_pane.json"},{"selected":true,"assetId":"minecraft:gray_terracotta","value":"data/minecraft/recipes/gray_terracotta.json"},{"selected":true,"assetId":"minecraft:gray_wool","value":"data/minecraft/recipes/gray_wool.json"},{"selected":true,"assetId":"minecraft:green_banner","value":"data/minecraft/recipes/green_banner.json"},{"selected":true,"assetId":"minecraft:green_bed","value":"data/minecraft/recipes/green_bed.json"},{"selected":true,"assetId":"minecraft:green_bed","value":"data/minecraft/recipes/green_bed_from_white_bed.json"},{"selected":true,"assetId":"minecraft:green_carpet","value":"data/minecraft/recipes/green_carpet.json"},{"selected":true,"assetId":"minecraft:green_carpet","value":"data/minecraft/recipes/green_carpet_from_white_carpet.json"},{"selected":true,"assetId":"minecraft:green_concrete_powder","value":"data/minecraft/recipes/green_concrete_powder.json"},{"selected":true,"assetId":"minecraft:green_stained_glass","value":"data/minecraft/recipes/green_stained_glass.json"},{"selected":true,"assetId":"minecraft:green_stained_glass_pane","value":"data/minecraft/recipes/green_stained_glass_pane.json"},{"selected":true,"assetId":"minecraft:green_stained_glass_pane","value":"data/minecraft/recipes/green_stained_glass_pane_from_glass_pane.json"},{"selected":true,"assetId":"minecraft:green_terracotta","value":"data/minecraft/recipes/green_terracotta.json"},{"selected":true,"assetId":"minecraft:green_wool","value":"data/minecraft/recipes/green_wool.json"},{"selected":true,"assetId":"minecraft:grindstone","value":"data/minecraft/recipes/grindstone.json"},{"selected":true,"assetId":"minecraft:hay_block","value":"data/minecraft/recipes/hay_block.json"},{"selected":true,"assetId":"minecraft:heavy_weighted_pressure_plate","value":"data/minecraft/recipes/heavy_weighted_pressure_plate.json"},{"selected":true,"assetId":"minecraft:honey_block","value":"data/minecraft/recipes/honey_block.json"},{"selected":true,"assetId":"minecraft:honey_bottle","value":"data/minecraft/recipes/honey_bottle.json"},{"selected":true,"assetId":"minecraft:honeycomb_block","value":"data/minecraft/recipes/honeycomb_block.json"},{"selected":true,"assetId":"minecraft:hopper","value":"data/minecraft/recipes/hopper.json"},{"selected":true,"assetId":"minecraft:hopper_minecart","value":"data/minecraft/recipes/hopper_minecart.json"},{"selected":true,"assetId":"minecraft:iron_axe","value":"data/minecraft/recipes/iron_axe.json"},{"selected":true,"assetId":"minecraft:iron_bars","value":"data/minecraft/recipes/iron_bars.json"},{"selected":true,"assetId":"minecraft:iron_block","value":"data/minecraft/recipes/iron_block.json"},{"selected":true,"assetId":"minecraft:iron_boots","value":"data/minecraft/recipes/iron_boots.json"},{"selected":true,"assetId":"minecraft:iron_chestplate","value":"data/minecraft/recipes/iron_chestplate.json"},{"selected":true,"assetId":"minecraft:iron_door","value":"data/minecraft/recipes/iron_door.json"},{"selected":true,"assetId":"minecraft:iron_helmet","value":"data/minecraft/recipes/iron_helmet.json"},{"selected":true,"assetId":"minecraft:iron_hoe","value":"data/minecraft/recipes/iron_hoe.json"},{"selected":true,"assetId":"minecraft:iron_ingot","value":"data/minecraft/recipes/iron_ingot_from_iron_block.json"},{"selected":true,"assetId":"minecraft:iron_ingot","value":"data/minecraft/recipes/iron_ingot_from_nuggets.json"},{"selected":true,"assetId":"minecraft:iron_leggings","value":"data/minecraft/recipes/iron_leggings.json"},{"selected":true,"assetId":"minecraft:iron_nugget","value":"data/minecraft/recipes/iron_nugget.json"},{"selected":true,"assetId":"minecraft:iron_pickaxe","value":"data/minecraft/recipes/iron_pickaxe.json"},{"selected":true,"assetId":"minecraft:iron_shovel","value":"data/minecraft/recipes/iron_shovel.json"},{"selected":true,"assetId":"minecraft:iron_sword","value":"data/minecraft/recipes/iron_sword.json"},{"selected":true,"assetId":"minecraft:iron_trapdoor","value":"data/minecraft/recipes/iron_trapdoor.json"},{"selected":true,"assetId":"minecraft:item_frame","value":"data/minecraft/recipes/item_frame.json"},{"selected":true,"assetId":"minecraft:jack_o_lantern","value":"data/minecraft/recipes/jack_o_lantern.json"},{"selected":true,"assetId":"minecraft:jukebox","value":"data/minecraft/recipes/jukebox.json"},{"selected":true,"assetId":"minecraft:jungle_boat","value":"data/minecraft/recipes/jungle_boat.json"},{"selected":true,"assetId":"minecraft:jungle_button","value":"data/minecraft/recipes/jungle_button.json"},{"selected":true,"assetId":"minecraft:jungle_door","value":"data/minecraft/recipes/jungle_door.json"},{"selected":true,"assetId":"minecraft:jungle_fence","value":"data/minecraft/recipes/jungle_fence.json"},{"selected":true,"assetId":"minecraft:jungle_fence_gate","value":"data/minecraft/recipes/jungle_fence_gate.json"},{"selected":true,"assetId":"minecraft:jungle_planks","value":"data/minecraft/recipes/jungle_planks.json"},{"selected":true,"assetId":"minecraft:jungle_pressure_plate","value":"data/minecraft/recipes/jungle_pressure_plate.json"},{"selected":true,"assetId":"minecraft:jungle_sign","value":"data/minecraft/recipes/jungle_sign.json"},{"selected":true,"assetId":"minecraft:jungle_slab","value":"data/minecraft/recipes/jungle_slab.json"},{"selected":true,"assetId":"minecraft:jungle_stairs","value":"data/minecraft/recipes/jungle_stairs.json"},{"selected":true,"assetId":"minecraft:jungle_trapdoor","value":"data/minecraft/recipes/jungle_trapdoor.json"},{"selected":true,"assetId":"minecraft:jungle_wood","value":"data/minecraft/recipes/jungle_wood.json"},{"selected":true,"assetId":"minecraft:ladder","value":"data/minecraft/recipes/ladder.json"},{"selected":true,"assetId":"minecraft:lantern","value":"data/minecraft/recipes/lantern.json"},{"selected":true,"assetId":"minecraft:lapis_block","value":"data/minecraft/recipes/lapis_block.json"},{"selected":true,"assetId":"minecraft:lapis_lazuli","value":"data/minecraft/recipes/lapis_lazuli.json"},{"selected":true,"assetId":"minecraft:lead","value":"data/minecraft/recipes/lead.json"},{"selected":true,"assetId":"minecraft:leather","value":"data/minecraft/recipes/leather.json"},{"selected":true,"assetId":"minecraft:leather_boots","value":"data/minecraft/recipes/leather_boots.json"},{"selected":true,"assetId":"minecraft:leather_chestplate","value":"data/minecraft/recipes/leather_chestplate.json"},{"selected":true,"assetId":"minecraft:leather_helmet","value":"data/minecraft/recipes/leather_helmet.json"},{"selected":true,"assetId":"minecraft:leather_horse_armor","value":"data/minecraft/recipes/leather_horse_armor.json"},{"selected":true,"assetId":"minecraft:leather_leggings","value":"data/minecraft/recipes/leather_leggings.json"},{"selected":true,"assetId":"minecraft:lectern","value":"data/minecraft/recipes/lectern.json"},{"selected":true,"assetId":"minecraft:lever","value":"data/minecraft/recipes/lever.json"},{"selected":true,"assetId":"minecraft:light_blue_banner","value":"data/minecraft/recipes/light_blue_banner.json"},{"selected":true,"assetId":"minecraft:light_blue_bed","value":"data/minecraft/recipes/light_blue_bed.json"},{"selected":true,"assetId":"minecraft:light_blue_bed","value":"data/minecraft/recipes/light_blue_bed_from_white_bed.json"},{"selected":true,"assetId":"minecraft:light_blue_carpet","value":"data/minecraft/recipes/light_blue_carpet.json"},{"selected":true,"assetId":"minecraft:light_blue_carpet","value":"data/minecraft/recipes/light_blue_carpet_from_white_carpet.json"},{"selected":true,"assetId":"minecraft:light_blue_concrete_powder","value":"data/minecraft/recipes/light_blue_concrete_powder.json"},{"selected":true,"assetId":"minecraft:light_blue_dye","value":"data/minecraft/recipes/light_blue_dye_from_blue_orchid.json"},{"selected":true,"assetId":"minecraft:light_blue_dye","value":"data/minecraft/recipes/light_blue_dye_from_blue_white_dye.json"},{"selected":true,"assetId":"minecraft:light_blue_stained_glass","value":"data/minecraft/recipes/light_blue_stained_glass.json"},{"selected":true,"assetId":"minecraft:light_blue_stained_glass_pane","value":"data/minecraft/recipes/light_blue_stained_glass_pane.json"},{"selected":true,"assetId":"minecraft:light_blue_stained_glass_pane","value":"data/minecraft/recipes/light_blue_stained_glass_pane_from_glass_pane.json"},{"selected":true,"assetId":"minecraft:light_blue_terracotta","value":"data/minecraft/recipes/light_blue_terracotta.json"},{"selected":true,"assetId":"minecraft:light_blue_wool","value":"data/minecraft/recipes/light_blue_wool.json"},{"selected":true,"assetId":"minecraft:light_gray_banner","value":"data/minecraft/recipes/light_gray_banner.json"},{"selected":true,"assetId":"minecraft:light_gray_bed","value":"data/minecraft/recipes/light_gray_bed.json"},{"selected":true,"assetId":"minecraft:light_gray_bed","value":"data/minecraft/recipes/light_gray_bed_from_white_bed.json"},{"selected":true,"assetId":"minecraft:light_gray_carpet","value":"data/minecraft/recipes/light_gray_carpet.json"},{"selected":true,"assetId":"minecraft:light_gray_carpet","value":"data/minecraft/recipes/light_gray_carpet_from_white_carpet.json"},{"selected":true,"assetId":"minecraft:light_gray_concrete_powder","value":"data/minecraft/recipes/light_gray_concrete_powder.json"},{"selected":true,"assetId":"minecraft:light_gray_dye","value":"data/minecraft/recipes/light_gray_dye_from_azure_bluet.json"},{"selected":true,"assetId":"minecraft:light_gray_dye","value":"data/minecraft/recipes/light_gray_dye_from_black_white_dye.json"},{"selected":true,"assetId":"minecraft:light_gray_dye","value":"data/minecraft/recipes/light_gray_dye_from_gray_white_dye.json"},{"selected":true,"assetId":"minecraft:light_gray_dye","value":"data/minecraft/recipes/light_gray_dye_from_oxeye_daisy.json"},{"selected":true,"assetId":"minecraft:light_gray_dye","value":"data/minecraft/recipes/light_gray_dye_from_white_tulip.json"},{"selected":true,"assetId":"minecraft:light_gray_stained_glass","value":"data/minecraft/recipes/light_gray_stained_glass.json"},{"selected":true,"assetId":"minecraft:light_gray_stained_glass_pane","value":"data/minecraft/recipes/light_gray_stained_glass_pane.json"},{"selected":true,"assetId":"minecraft:light_gray_stained_glass_pane","value":"data/minecraft/recipes/light_gray_stained_glass_pane_from_glass_pane.json"},{"selected":true,"assetId":"minecraft:light_gray_terracotta","value":"data/minecraft/recipes/light_gray_terracotta.json"},{"selected":true,"assetId":"minecraft:light_gray_wool","value":"data/minecraft/recipes/light_gray_wool.json"},{"selected":true,"assetId":"minecraft:light_weighted_pressure_plate","value":"data/minecraft/recipes/light_weighted_pressure_plate.json"},{"selected":true,"assetId":"minecraft:lime_banner","value":"data/minecraft/recipes/lime_banner.json"},{"selected":true,"assetId":"minecraft:lime_bed","value":"data/minecraft/recipes/lime_bed.json"},{"selected":true,"assetId":"minecraft:lime_bed","value":"data/minecraft/recipes/lime_bed_from_white_bed.json"},{"selected":true,"assetId":"minecraft:lime_carpet","value":"data/minecraft/recipes/lime_carpet.json"},{"selected":true,"assetId":"minecraft:lime_carpet","value":"data/minecraft/recipes/lime_carpet_from_white_carpet.json"},{"selected":true,"assetId":"minecraft:lime_concrete_powder","value":"data/minecraft/recipes/lime_concrete_powder.json"},{"selected":true,"assetId":"minecraft:lime_dye","value":"data/minecraft/recipes/lime_dye.json"},{"selected":true,"assetId":"minecraft:lime_stained_glass","value":"data/minecraft/recipes/lime_stained_glass.json"},{"selected":true,"assetId":"minecraft:lime_stained_glass_pane","value":"data/minecraft/recipes/lime_stained_glass_pane.json"},{"selected":true,"assetId":"minecraft:lime_stained_glass_pane","value":"data/minecraft/recipes/lime_stained_glass_pane_from_glass_pane.json"},{"selected":true,"assetId":"minecraft:lime_terracotta","value":"data/minecraft/recipes/lime_terracotta.json"},{"selected":true,"assetId":"minecraft:lime_wool","value":"data/minecraft/recipes/lime_wool.json"},{"selected":true,"assetId":"minecraft:loom","value":"data/minecraft/recipes/loom.json"},{"selected":true,"assetId":"minecraft:magenta_banner","value":"data/minecraft/recipes/magenta_banner.json"},{"selected":true,"assetId":"minecraft:magenta_bed","value":"data/minecraft/recipes/magenta_bed.json"},{"selected":true,"assetId":"minecraft:magenta_bed","value":"data/minecraft/recipes/magenta_bed_from_white_bed.json"},{"selected":true,"assetId":"minecraft:magenta_carpet","value":"data/minecraft/recipes/magenta_carpet.json"},{"selected":true,"assetId":"minecraft:magenta_carpet","value":"data/minecraft/recipes/magenta_carpet_from_white_carpet.json"},{"selected":true,"assetId":"minecraft:magenta_concrete_powder","value":"data/minecraft/recipes/magenta_concrete_powder.json"},{"selected":true,"assetId":"minecraft:magenta_dye","value":"data/minecraft/recipes/magenta_dye_from_allium.json"},{"selected":true,"assetId":"minecraft:magenta_dye","value":"data/minecraft/recipes/magenta_dye_from_blue_red_pink.json"},{"selected":true,"assetId":"minecraft:magenta_dye","value":"data/minecraft/recipes/magenta_dye_from_blue_red_white_dye.json"},{"selected":true,"assetId":"minecraft:magenta_dye","value":"data/minecraft/recipes/magenta_dye_from_lilac.json"},{"selected":true,"assetId":"minecraft:magenta_dye","value":"data/minecraft/recipes/magenta_dye_from_purple_and_pink.json"},{"selected":true,"assetId":"minecraft:magenta_stained_glass","value":"data/minecraft/recipes/magenta_stained_glass.json"},{"selected":true,"assetId":"minecraft:magenta_stained_glass_pane","value":"data/minecraft/recipes/magenta_stained_glass_pane.json"},{"selected":true,"assetId":"minecraft:magenta_stained_glass_pane","value":"data/minecraft/recipes/magenta_stained_glass_pane_from_glass_pane.json"},{"selected":true,"assetId":"minecraft:magenta_terracotta","value":"data/minecraft/recipes/magenta_terracotta.json"},{"selected":true,"assetId":"minecraft:magenta_wool","value":"data/minecraft/recipes/magenta_wool.json"},{"selected":true,"assetId":"minecraft:magma_block","value":"data/minecraft/recipes/magma_block.json"},{"selected":true,"assetId":"minecraft:magma_cream","value":"data/minecraft/recipes/magma_cream.json"},{"selected":true,"assetId":"minecraft:map","value":"data/minecraft/recipes/map.json"},{"selected":true,"assetId":"minecraft:melon","value":"data/minecraft/recipes/melon.json"},{"selected":true,"assetId":"minecraft:melon_seeds","value":"data/minecraft/recipes/melon_seeds.json"},{"selected":true,"assetId":"minecraft:minecart","value":"data/minecraft/recipes/minecart.json"},{"selected":true,"assetId":"minecraft:mojang_banner_pattern","value":"data/minecraft/recipes/mojang_banner_pattern.json"},{"selected":true,"assetId":"minecraft:mossy_cobblestone","value":"data/minecraft/recipes/mossy_cobblestone.json"},{"selected":true,"assetId":"minecraft:mossy_cobblestone_slab","value":"data/minecraft/recipes/mossy_cobblestone_slab.json"},{"selected":true,"assetId":"minecraft:mossy_cobblestone_stairs","value":"data/minecraft/recipes/mossy_cobblestone_stairs.json"},{"selected":true,"assetId":"minecraft:mossy_cobblestone_wall","value":"data/minecraft/recipes/mossy_cobblestone_wall.json"},{"selected":true,"assetId":"minecraft:mossy_stone_brick_slab","value":"data/minecraft/recipes/mossy_stone_brick_slab.json"},{"selected":true,"assetId":"minecraft:mossy_stone_brick_stairs","value":"data/minecraft/recipes/mossy_stone_brick_stairs.json"},{"selected":true,"assetId":"minecraft:mossy_stone_brick_wall","value":"data/minecraft/recipes/mossy_stone_brick_wall.json"},{"selected":true,"assetId":"minecraft:mossy_stone_bricks","value":"data/minecraft/recipes/mossy_stone_bricks.json"},{"selected":true,"assetId":"minecraft:mushroom_stew","value":"data/minecraft/recipes/mushroom_stew.json"},{"selected":true,"assetId":"minecraft:nether_brick_fence","value":"data/minecraft/recipes/nether_brick_fence.json"},{"selected":true,"assetId":"minecraft:nether_brick_slab","value":"data/minecraft/recipes/nether_brick_slab.json"},{"selected":true,"assetId":"minecraft:nether_brick_stairs","value":"data/minecraft/recipes/nether_brick_stairs.json"},{"selected":true,"assetId":"minecraft:nether_brick_wall","value":"data/minecraft/recipes/nether_brick_wall.json"},{"selected":true,"assetId":"minecraft:nether_bricks","value":"data/minecraft/recipes/nether_bricks.json"},{"selected":true,"assetId":"minecraft:nether_wart_block","value":"data/minecraft/recipes/nether_wart_block.json"},{"selected":true,"assetId":"minecraft:note_block","value":"data/minecraft/recipes/note_block.json"},{"selected":true,"assetId":"minecraft:oak_boat","value":"data/minecraft/recipes/oak_boat.json"},{"selected":true,"assetId":"minecraft:oak_button","value":"data/minecraft/recipes/oak_button.json"},{"selected":true,"assetId":"minecraft:oak_door","value":"data/minecraft/recipes/oak_door.json"},{"selected":true,"assetId":"minecraft:oak_fence","value":"data/minecraft/recipes/oak_fence.json"},{"selected":true,"assetId":"minecraft:oak_fence_gate","value":"data/minecraft/recipes/oak_fence_gate.json"},{"selected":true,"assetId":"minecraft:oak_planks","value":"data/minecraft/recipes/oak_planks.json"},{"selected":true,"assetId":"minecraft:oak_pressure_plate","value":"data/minecraft/recipes/oak_pressure_plate.json"},{"selected":true,"assetId":"minecraft:oak_sign","value":"data/minecraft/recipes/oak_sign.json"},{"selected":true,"assetId":"minecraft:oak_slab","value":"data/minecraft/recipes/oak_slab.json"},{"selected":true,"assetId":"minecraft:oak_stairs","value":"data/minecraft/recipes/oak_stairs.json"},{"selected":true,"assetId":"minecraft:oak_trapdoor","value":"data/minecraft/recipes/oak_trapdoor.json"},{"selected":true,"assetId":"minecraft:oak_wood","value":"data/minecraft/recipes/oak_wood.json"},{"selected":true,"assetId":"minecraft:observer","value":"data/minecraft/recipes/observer.json"},{"selected":true,"assetId":"minecraft:orange_banner","value":"data/minecraft/recipes/orange_banner.json"},{"selected":true,"assetId":"minecraft:orange_bed","value":"data/minecraft/recipes/orange_bed.json"},{"selected":true,"assetId":"minecraft:orange_bed","value":"data/minecraft/recipes/orange_bed_from_white_bed.json"},{"selected":true,"assetId":"minecraft:orange_carpet","value":"data/minecraft/recipes/orange_carpet.json"},{"selected":true,"assetId":"minecraft:orange_carpet","value":"data/minecraft/recipes/orange_carpet_from_white_carpet.json"},{"selected":true,"assetId":"minecraft:orange_concrete_powder","value":"data/minecraft/recipes/orange_concrete_powder.json"},{"selected":true,"assetId":"minecraft:orange_dye","value":"data/minecraft/recipes/orange_dye_from_orange_tulip.json"},{"selected":true,"assetId":"minecraft:orange_dye","value":"data/minecraft/recipes/orange_dye_from_red_yellow.json"},{"selected":true,"assetId":"minecraft:orange_stained_glass","value":"data/minecraft/recipes/orange_stained_glass.json"},{"selected":true,"assetId":"minecraft:orange_stained_glass_pane","value":"data/minecraft/recipes/orange_stained_glass_pane.json"},{"selected":true,"assetId":"minecraft:orange_stained_glass_pane","value":"data/minecraft/recipes/orange_stained_glass_pane_from_glass_pane.json"},{"selected":true,"assetId":"minecraft:orange_terracotta","value":"data/minecraft/recipes/orange_terracotta.json"},{"selected":true,"assetId":"minecraft:orange_wool","value":"data/minecraft/recipes/orange_wool.json"},{"selected":true,"assetId":"minecraft:packed_ice","value":"data/minecraft/recipes/packed_ice.json"},{"selected":true,"assetId":"minecraft:painting","value":"data/minecraft/recipes/painting.json"},{"selected":true,"assetId":"minecraft:paper","value":"data/minecraft/recipes/paper.json"},{"selected":true,"assetId":"minecraft:pink_banner","value":"data/minecraft/recipes/pink_banner.json"},{"selected":true,"assetId":"minecraft:pink_bed","value":"data/minecraft/recipes/pink_bed.json"},{"selected":true,"assetId":"minecraft:pink_bed","value":"data/minecraft/recipes/pink_bed_from_white_bed.json"},{"selected":true,"assetId":"minecraft:pink_carpet","value":"data/minecraft/recipes/pink_carpet.json"},{"selected":true,"assetId":"minecraft:pink_carpet","value":"data/minecraft/recipes/pink_carpet_from_white_carpet.json"},{"selected":true,"assetId":"minecraft:pink_concrete_powder","value":"data/minecraft/recipes/pink_concrete_powder.json"},{"selected":true,"assetId":"minecraft:pink_dye","value":"data/minecraft/recipes/pink_dye_from_peony.json"},{"selected":true,"assetId":"minecraft:pink_dye","value":"data/minecraft/recipes/pink_dye_from_pink_tulip.json"},{"selected":true,"assetId":"minecraft:pink_dye","value":"data/minecraft/recipes/pink_dye_from_red_white_dye.json"},{"selected":true,"assetId":"minecraft:pink_stained_glass","value":"data/minecraft/recipes/pink_stained_glass.json"},{"selected":true,"assetId":"minecraft:pink_stained_glass_pane","value":"data/minecraft/recipes/pink_stained_glass_pane.json"},{"selected":true,"assetId":"minecraft:pink_stained_glass_pane","value":"data/minecraft/recipes/pink_stained_glass_pane_from_glass_pane.json"},{"selected":true,"assetId":"minecraft:pink_terracotta","value":"data/minecraft/recipes/pink_terracotta.json"},{"selected":true,"assetId":"minecraft:pink_wool","value":"data/minecraft/recipes/pink_wool.json"},{"selected":true,"assetId":"minecraft:piston","value":"data/minecraft/recipes/piston.json"},{"selected":true,"assetId":"minecraft:polished_andesite","value":"data/minecraft/recipes/polished_andesite.json"},{"selected":true,"assetId":"minecraft:polished_andesite_slab","value":"data/minecraft/recipes/polished_andesite_slab.json"},{"selected":true,"assetId":"minecraft:polished_andesite_stairs","value":"data/minecraft/recipes/polished_andesite_stairs.json"},{"selected":true,"assetId":"minecraft:polished_diorite","value":"data/minecraft/recipes/polished_diorite.json"},{"selected":true,"assetId":"minecraft:polished_diorite_slab","value":"data/minecraft/recipes/polished_diorite_slab.json"},{"selected":true,"assetId":"minecraft:polished_diorite_stairs","value":"data/minecraft/recipes/polished_diorite_stairs.json"},{"selected":true,"assetId":"minecraft:polished_granite","value":"data/minecraft/recipes/polished_granite.json"},{"selected":true,"assetId":"minecraft:polished_granite_slab","value":"data/minecraft/recipes/polished_granite_slab.json"},{"selected":true,"assetId":"minecraft:polished_granite_stairs","value":"data/minecraft/recipes/polished_granite_stairs.json"},{"selected":true,"assetId":"minecraft:powered_rail","value":"data/minecraft/recipes/powered_rail.json"},{"selected":true,"assetId":"minecraft:prismarine","value":"data/minecraft/recipes/prismarine.json"},{"selected":true,"assetId":"minecraft:prismarine_brick_slab","value":"data/minecraft/recipes/prismarine_brick_slab.json"},{"selected":true,"assetId":"minecraft:prismarine_brick_stairs","value":"data/minecraft/recipes/prismarine_brick_stairs.json"},{"selected":true,"assetId":"minecraft:prismarine_bricks","value":"data/minecraft/recipes/prismarine_bricks.json"},{"selected":true,"assetId":"minecraft:prismarine_slab","value":"data/minecraft/recipes/prismarine_slab.json"},{"selected":true,"assetId":"minecraft:prismarine_stairs","value":"data/minecraft/recipes/prismarine_stairs.json"},{"selected":true,"assetId":"minecraft:prismarine_wall","value":"data/minecraft/recipes/prismarine_wall.json"},{"selected":true,"assetId":"minecraft:pumpkin_pie","value":"data/minecraft/recipes/pumpkin_pie.json"},{"selected":true,"assetId":"minecraft:pumpkin_seeds","value":"data/minecraft/recipes/pumpkin_seeds.json"},{"selected":true,"assetId":"minecraft:purple_banner","value":"data/minecraft/recipes/purple_banner.json"},{"selected":true,"assetId":"minecraft:purple_bed","value":"data/minecraft/recipes/purple_bed.json"},{"selected":true,"assetId":"minecraft:purple_bed","value":"data/minecraft/recipes/purple_bed_from_white_bed.json"},{"selected":true,"assetId":"minecraft:purple_carpet","value":"data/minecraft/recipes/purple_carpet.json"},{"selected":true,"assetId":"minecraft:purple_carpet","value":"data/minecraft/recipes/purple_carpet_from_white_carpet.json"},{"selected":true,"assetId":"minecraft:purple_concrete_powder","value":"data/minecraft/recipes/purple_concrete_powder.json"},{"selected":true,"assetId":"minecraft:purple_dye","value":"data/minecraft/recipes/purple_dye.json"},{"selected":true,"assetId":"minecraft:purple_stained_glass","value":"data/minecraft/recipes/purple_stained_glass.json"},{"selected":true,"assetId":"minecraft:purple_stained_glass_pane","value":"data/minecraft/recipes/purple_stained_glass_pane.json"},{"selected":true,"assetId":"minecraft:purple_stained_glass_pane","value":"data/minecraft/recipes/purple_stained_glass_pane_from_glass_pane.json"},{"selected":true,"assetId":"minecraft:purple_terracotta","value":"data/minecraft/recipes/purple_terracotta.json"},{"selected":true,"assetId":"minecraft:purple_wool","value":"data/minecraft/recipes/purple_wool.json"},{"selected":true,"assetId":"minecraft:purpur_block","value":"data/minecraft/recipes/purpur_block.json"},{"selected":true,"assetId":"minecraft:purpur_pillar","value":"data/minecraft/recipes/purpur_pillar.json"},{"selected":true,"assetId":"minecraft:purpur_slab","value":"data/minecraft/recipes/purpur_slab.json"},{"selected":true,"assetId":"minecraft:purpur_stairs","value":"data/minecraft/recipes/purpur_stairs.json"},{"selected":true,"assetId":"minecraft:quartz_block","value":"data/minecraft/recipes/quartz_block.json"},{"selected":true,"assetId":"minecraft:quartz_pillar","value":"data/minecraft/recipes/quartz_pillar.json"},{"selected":true,"assetId":"minecraft:quartz_slab","value":"data/minecraft/recipes/quartz_slab.json"},{"selected":true,"assetId":"minecraft:quartz_stairs","value":"data/minecraft/recipes/quartz_stairs.json"},{"selected":true,"assetId":"minecraft:rabbit_stew","value":"data/minecraft/recipes/rabbit_stew_from_brown_mushroom.json"},{"selected":true,"assetId":"minecraft:rabbit_stew","value":"data/minecraft/recipes/rabbit_stew_from_red_mushroom.json"},{"selected":true,"assetId":"minecraft:rail","value":"data/minecraft/recipes/rail.json"},{"selected":true,"assetId":"minecraft:red_banner","value":"data/minecraft/recipes/red_banner.json"},{"selected":true,"assetId":"minecraft:red_bed","value":"data/minecraft/recipes/red_bed.json"},{"selected":true,"assetId":"minecraft:red_bed","value":"data/minecraft/recipes/red_bed_from_white_bed.json"},{"selected":true,"assetId":"minecraft:red_carpet","value":"data/minecraft/recipes/red_carpet.json"},{"selected":true,"assetId":"minecraft:red_carpet","value":"data/minecraft/recipes/red_carpet_from_white_carpet.json"},{"selected":true,"assetId":"minecraft:red_concrete_powder","value":"data/minecraft/recipes/red_concrete_powder.json"},{"selected":true,"assetId":"minecraft:red_dye","value":"data/minecraft/recipes/red_dye_from_beetroot.json"},{"selected":true,"assetId":"minecraft:red_dye","value":"data/minecraft/recipes/red_dye_from_poppy.json"},{"selected":true,"assetId":"minecraft:red_dye","value":"data/minecraft/recipes/red_dye_from_rose_bush.json"},{"selected":true,"assetId":"minecraft:red_dye","value":"data/minecraft/recipes/red_dye_from_tulip.json"},{"selected":true,"assetId":"minecraft:red_nether_brick_slab","value":"data/minecraft/recipes/red_nether_brick_slab.json"},{"selected":true,"assetId":"minecraft:red_nether_brick_stairs","value":"data/minecraft/recipes/red_nether_brick_stairs.json"},{"selected":true,"assetId":"minecraft:red_nether_brick_wall","value":"data/minecraft/recipes/red_nether_brick_wall.json"},{"selected":true,"assetId":"minecraft:red_nether_bricks","value":"data/minecraft/recipes/red_nether_bricks.json"},{"selected":true,"assetId":"minecraft:red_sandstone","value":"data/minecraft/recipes/red_sandstone.json"},{"selected":true,"assetId":"minecraft:red_sandstone_slab","value":"data/minecraft/recipes/red_sandstone_slab.json"},{"selected":true,"assetId":"minecraft:red_sandstone_stairs","value":"data/minecraft/recipes/red_sandstone_stairs.json"},{"selected":true,"assetId":"minecraft:red_sandstone_wall","value":"data/minecraft/recipes/red_sandstone_wall.json"},{"selected":true,"assetId":"minecraft:red_stained_glass","value":"data/minecraft/recipes/red_stained_glass.json"},{"selected":true,"assetId":"minecraft:red_stained_glass_pane","value":"data/minecraft/recipes/red_stained_glass_pane.json"},{"selected":true,"assetId":"minecraft:red_stained_glass_pane","value":"data/minecraft/recipes/red_stained_glass_pane_from_glass_pane.json"},{"selected":true,"assetId":"minecraft:red_terracotta","value":"data/minecraft/recipes/red_terracotta.json"},{"selected":true,"assetId":"minecraft:red_wool","value":"data/minecraft/recipes/red_wool.json"},{"selected":true,"assetId":"minecraft:redstone","value":"data/minecraft/recipes/redstone.json"},{"selected":true,"assetId":"minecraft:redstone_block","value":"data/minecraft/recipes/redstone_block.json"},{"selected":true,"assetId":"minecraft:redstone_lamp","value":"data/minecraft/recipes/redstone_lamp.json"},{"selected":true,"assetId":"minecraft:redstone_torch","value":"data/minecraft/recipes/redstone_torch.json"},{"selected":true,"assetId":"minecraft:repeater","value":"data/minecraft/recipes/repeater.json"},{"selected":true,"assetId":"minecraft:sandstone","value":"data/minecraft/recipes/sandstone.json"},{"selected":true,"assetId":"minecraft:sandstone_slab","value":"data/minecraft/recipes/sandstone_slab.json"},{"selected":true,"assetId":"minecraft:sandstone_stairs","value":"data/minecraft/recipes/sandstone_stairs.json"},{"selected":true,"assetId":"minecraft:sandstone_wall","value":"data/minecraft/recipes/sandstone_wall.json"},{"selected":true,"assetId":"minecraft:scaffolding","value":"data/minecraft/recipes/scaffolding.json"},{"selected":true,"assetId":"minecraft:sea_lantern","value":"data/minecraft/recipes/sea_lantern.json"},{"selected":true,"assetId":"minecraft:shears","value":"data/minecraft/recipes/shears.json"},{"selected":true,"assetId":"minecraft:shield","value":"data/minecraft/recipes/shield.json"},{"selected":true,"assetId":"minecraft:shulker_box","value":"data/minecraft/recipes/shulker_box.json"},{"selected":true,"assetId":"minecraft:skull_banner_pattern","value":"data/minecraft/recipes/skull_banner_pattern.json"},{"selected":true,"assetId":"minecraft:slime_ball","value":"data/minecraft/recipes/slime_ball.json"},{"selected":true,"assetId":"minecraft:slime_block","value":"data/minecraft/recipes/slime_block.json"},{"selected":true,"assetId":"minecraft:smithing_table","value":"data/minecraft/recipes/smithing_table.json"},{"selected":true,"assetId":"minecraft:smoker","value":"data/minecraft/recipes/smoker.json"},{"selected":true,"assetId":"minecraft:smooth_quartz_slab","value":"data/minecraft/recipes/smooth_quartz_slab.json"},{"selected":true,"assetId":"minecraft:smooth_quartz_stairs","value":"data/minecraft/recipes/smooth_quartz_stairs.json"},{"selected":true,"assetId":"minecraft:smooth_red_sandstone_slab","value":"data/minecraft/recipes/smooth_red_sandstone_slab.json"},{"selected":true,"assetId":"minecraft:smooth_red_sandstone_stairs","value":"data/minecraft/recipes/smooth_red_sandstone_stairs.json"},{"selected":true,"assetId":"minecraft:smooth_sandstone_slab","value":"data/minecraft/recipes/smooth_sandstone_slab.json"},{"selected":true,"assetId":"minecraft:smooth_sandstone_stairs","value":"data/minecraft/recipes/smooth_sandstone_stairs.json"},{"selected":true,"assetId":"minecraft:smooth_stone_slab","value":"data/minecraft/recipes/smooth_stone_slab.json"},{"selected":true,"assetId":"minecraft:snow","value":"data/minecraft/recipes/snow.json"},{"selected":true,"assetId":"minecraft:snow_block","value":"data/minecraft/recipes/snow_block.json"},{"selected":true,"assetId":"minecraft:spectral_arrow","value":"data/minecraft/recipes/spectral_arrow.json"},{"selected":true,"assetId":"minecraft:spruce_boat","value":"data/minecraft/recipes/spruce_boat.json"},{"selected":true,"assetId":"minecraft:spruce_button","value":"data/minecraft/recipes/spruce_button.json"},{"selected":true,"assetId":"minecraft:spruce_door","value":"data/minecraft/recipes/spruce_door.json"},{"selected":true,"assetId":"minecraft:spruce_fence","value":"data/minecraft/recipes/spruce_fence.json"},{"selected":true,"assetId":"minecraft:spruce_fence_gate","value":"data/minecraft/recipes/spruce_fence_gate.json"},{"selected":true,"assetId":"minecraft:spruce_planks","value":"data/minecraft/recipes/spruce_planks.json"},{"selected":true,"assetId":"minecraft:spruce_pressure_plate","value":"data/minecraft/recipes/spruce_pressure_plate.json"},{"selected":true,"assetId":"minecraft:spruce_sign","value":"data/minecraft/recipes/spruce_sign.json"},{"selected":true,"assetId":"minecraft:spruce_slab","value":"data/minecraft/recipes/spruce_slab.json"},{"selected":true,"assetId":"minecraft:spruce_stairs","value":"data/minecraft/recipes/spruce_stairs.json"},{"selected":true,"assetId":"minecraft:spruce_trapdoor","value":"data/minecraft/recipes/spruce_trapdoor.json"},{"selected":true,"assetId":"minecraft:spruce_wood","value":"data/minecraft/recipes/spruce_wood.json"},{"selected":true,"assetId":"minecraft:stick","value":"data/minecraft/recipes/stick.json"},{"selected":true,"assetId":"minecraft:stick","value":"data/minecraft/recipes/stick_from_bamboo_item.json"},{"selected":true,"assetId":"minecraft:sticky_piston","value":"data/minecraft/recipes/sticky_piston.json"},{"selected":true,"assetId":"minecraft:stone_axe","value":"data/minecraft/recipes/stone_axe.json"},{"selected":true,"assetId":"minecraft:stone_brick_slab","value":"data/minecraft/recipes/stone_brick_slab.json"},{"selected":true,"assetId":"minecraft:stone_brick_stairs","value":"data/minecraft/recipes/stone_brick_stairs.json"},{"selected":true,"assetId":"minecraft:stone_brick_wall","value":"data/minecraft/recipes/stone_brick_wall.json"},{"selected":true,"assetId":"minecraft:stone_bricks","value":"data/minecraft/recipes/stone_bricks.json"},{"selected":true,"assetId":"minecraft:stone_button","value":"data/minecraft/recipes/stone_button.json"},{"selected":true,"assetId":"minecraft:stone_hoe","value":"data/minecraft/recipes/stone_hoe.json"},{"selected":true,"assetId":"minecraft:stone_pickaxe","value":"data/minecraft/recipes/stone_pickaxe.json"},{"selected":true,"assetId":"minecraft:stone_pressure_plate","value":"data/minecraft/recipes/stone_pressure_plate.json"},{"selected":true,"assetId":"minecraft:stone_shovel","value":"data/minecraft/recipes/stone_shovel.json"},{"selected":true,"assetId":"minecraft:stone_slab","value":"data/minecraft/recipes/stone_slab.json"},{"selected":true,"assetId":"minecraft:stone_stairs","value":"data/minecraft/recipes/stone_stairs.json"},{"selected":true,"assetId":"minecraft:stone_sword","value":"data/minecraft/recipes/stone_sword.json"},{"selected":true,"assetId":"minecraft:stonecutter","value":"data/minecraft/recipes/stonecutter.json"},{"selected":true,"assetId":"minecraft:stripped_acacia_wood","value":"data/minecraft/recipes/stripped_acacia_wood.json"},{"selected":true,"assetId":"minecraft:stripped_birch_wood","value":"data/minecraft/recipes/stripped_birch_wood.json"},{"selected":true,"assetId":"minecraft:stripped_dark_oak_wood","value":"data/minecraft/recipes/stripped_dark_oak_wood.json"},{"selected":true,"assetId":"minecraft:stripped_jungle_wood","value":"data/minecraft/recipes/stripped_jungle_wood.json"},{"selected":true,"assetId":"minecraft:stripped_oak_wood","value":"data/minecraft/recipes/stripped_oak_wood.json"},{"selected":true,"assetId":"minecraft:stripped_spruce_wood","value":"data/minecraft/recipes/stripped_spruce_wood.json"},{"selected":true,"assetId":"minecraft:sugar","value":"data/minecraft/recipes/sugar_from_honey_bottle.json"},{"selected":true,"assetId":"minecraft:sugar","value":"data/minecraft/recipes/sugar_from_sugar_cane.json"},{"selected":true,"assetId":"minecraft:tnt","value":"data/minecraft/recipes/tnt.json"},{"selected":true,"assetId":"minecraft:tnt_minecart","value":"data/minecraft/recipes/tnt_minecart.json"},{"selected":true,"assetId":"minecraft:torch","value":"data/minecraft/recipes/torch.json"},{"selected":true,"assetId":"minecraft:trapped_chest","value":"data/minecraft/recipes/trapped_chest.json"},{"selected":true,"assetId":"minecraft:tripwire_hook","value":"data/minecraft/recipes/tripwire_hook.json"},{"selected":true,"assetId":"minecraft:turtle_helmet","value":"data/minecraft/recipes/turtle_helmet.json"},{"selected":true,"assetId":"minecraft:wheat","value":"data/minecraft/recipes/wheat.json"},{"selected":true,"assetId":"minecraft:white_banner","value":"data/minecraft/recipes/white_banner.json"},{"selected":true,"assetId":"minecraft:white_bed","value":"data/minecraft/recipes/white_bed.json"},{"selected":true,"assetId":"minecraft:white_carpet","value":"data/minecraft/recipes/white_carpet.json"},{"selected":true,"assetId":"minecraft:white_concrete_powder","value":"data/minecraft/recipes/white_concrete_powder.json"},{"selected":true,"assetId":"minecraft:white_dye","value":"data/minecraft/recipes/white_dye.json"},{"selected":true,"assetId":"minecraft:white_dye","value":"data/minecraft/recipes/white_dye_from_lily_of_the_valley.json"},{"selected":true,"assetId":"minecraft:white_stained_glass","value":"data/minecraft/recipes/white_stained_glass.json"},{"selected":true,"assetId":"minecraft:white_stained_glass_pane","value":"data/minecraft/recipes/white_stained_glass_pane.json"},{"selected":true,"assetId":"minecraft:white_stained_glass_pane","value":"data/minecraft/recipes/white_stained_glass_pane_from_glass_pane.json"},{"selected":true,"assetId":"minecraft:white_terracotta","value":"data/minecraft/recipes/white_terracotta.json"},{"selected":true,"assetId":"minecraft:white_wool","value":"data/minecraft/recipes/white_wool_from_string.json"},{"selected":true,"assetId":"minecraft:wooden_axe","value":"data/minecraft/recipes/wooden_axe.json"},{"selected":true,"assetId":"minecraft:wooden_hoe","value":"data/minecraft/recipes/wooden_hoe.json"},{"selected":true,"assetId":"minecraft:wooden_pickaxe","value":"data/minecraft/recipes/wooden_pickaxe.json"},{"selected":true,"assetId":"minecraft:wooden_shovel","value":"data/minecraft/recipes/wooden_shovel.json"},{"selected":true,"assetId":"minecraft:wooden_sword","value":"data/minecraft/recipes/wooden_sword.json"},{"selected":true,"assetId":"minecraft:writable_book","value":"data/minecraft/recipes/writable_book.json"},{"selected":true,"assetId":"minecraft:yellow_banner","value":"data/minecraft/recipes/yellow_banner.json"},{"selected":true,"assetId":"minecraft:yellow_bed","value":"data/minecraft/recipes/yellow_bed.json"},{"selected":true,"assetId":"minecraft:yellow_bed","value":"data/minecraft/recipes/yellow_bed_from_white_bed.json"},{"selected":true,"assetId":"minecraft:yellow_carpet","value":"data/minecraft/recipes/yellow_carpet.json"},{"selected":true,"assetId":"minecraft:yellow_carpet","value":"data/minecraft/recipes/yellow_carpet_from_white_carpet.json"},{"selected":true,"assetId":"minecraft:yellow_concrete_powder","value":"data/minecraft/recipes/yellow_concrete_powder.json"},{"selected":true,"assetId":"minecraft:yellow_dye","value":"data/minecraft/recipes/yellow_dye_from_dandelion.json"},{"selected":true,"assetId":"minecraft:yellow_dye","value":"data/minecraft/recipes/yellow_dye_from_sunflower.json"},{"selected":true,"assetId":"minecraft:yellow_stained_glass","value":"data/minecraft/recipes/yellow_stained_glass.json"},{"selected":true,"assetId":"minecraft:yellow_stained_glass_pane","value":"data/minecraft/recipes/yellow_stained_glass_pane.json"},{"selected":true,"assetId":"minecraft:yellow_stained_glass_pane","value":"data/minecraft/recipes/yellow_stained_glass_pane_from_glass_pane.json"},{"selected":true,"assetId":"minecraft:yellow_terracotta","value":"data/minecraft/recipes/yellow_terracotta.json"},{"selected":true,"assetId":"minecraft:yellow_wool","value":"data/minecraft/recipes/yellow_wool.json"}],"toolbox:crafting_recipes_randomizer_group_stonecutting":[{"selected":true,"assetId":"minecraft:andesite_slab","value":"data/minecraft/recipes/andesite_slab_from_andesite_stonecutting.json"},{"selected":true,"assetId":"minecraft:andesite_stairs","value":"data/minecraft/recipes/andesite_stairs_from_andesite_stonecutting.json"},{"selected":true,"assetId":"minecraft:andesite_wall","value":"data/minecraft/recipes/andesite_wall_from_andesite_stonecutting.json"},{"selected":true,"assetId":"minecraft:brick_slab","value":"data/minecraft/recipes/brick_slab_from_bricks_stonecutting.json"},{"selected":true,"assetId":"minecraft:brick_stairs","value":"data/minecraft/recipes/brick_stairs_from_bricks_stonecutting.json"},{"selected":true,"assetId":"minecraft:brick_wall","value":"data/minecraft/recipes/brick_wall_from_bricks_stonecutting.json"},{"selected":true,"assetId":"minecraft:chiseled_quartz_block","value":"data/minecraft/recipes/chiseled_quartz_block_from_quartz_block_stonecutting.json"},{"selected":true,"assetId":"minecraft:chiseled_red_sandstone","value":"data/minecraft/recipes/chiseled_red_sandstone_from_red_sandstone_stonecutting.json"},{"selected":true,"assetId":"minecraft:chiseled_sandstone","value":"data/minecraft/recipes/chiseled_sandstone_from_sandstone_stonecutting.json"},{"selected":true,"assetId":"minecraft:chiseled_stone_bricks","value":"data/minecraft/recipes/chiseled_stone_bricks_from_stone_bricks_stonecutting.json"},{"selected":true,"assetId":"minecraft:chiseled_stone_bricks","value":"data/minecraft/recipes/chiseled_stone_bricks_stone_from_stonecutting.json"},{"selected":true,"assetId":"minecraft:cobblestone_slab","value":"data/minecraft/recipes/cobblestone_slab_from_cobblestone_stonecutting.json"},{"selected":true,"assetId":"minecraft:cobblestone_stairs","value":"data/minecraft/recipes/cobblestone_stairs_from_cobblestone_stonecutting.json"},{"selected":true,"assetId":"minecraft:cobblestone_wall","value":"data/minecraft/recipes/cobblestone_wall_from_cobblestone_stonecutting.json"},{"selected":true,"assetId":"minecraft:cut_red_sandstone","value":"data/minecraft/recipes/cut_red_sandstone_from_red_sandstone_stonecutting.json"},{"selected":true,"assetId":"minecraft:cut_red_sandstone_slab","value":"data/minecraft/recipes/cut_red_sandstone_slab_from_cut_red_sandstone_stonecutting.json"},{"selected":true,"assetId":"minecraft:cut_red_sandstone_slab","value":"data/minecraft/recipes/cut_red_sandstone_slab_from_red_sandstone_stonecutting.json"},{"selected":true,"assetId":"minecraft:cut_sandstone","value":"data/minecraft/recipes/cut_sandstone_from_sandstone_stonecutting.json"},{"selected":true,"assetId":"minecraft:cut_sandstone_slab","value":"data/minecraft/recipes/cut_sandstone_slab_from_cut_sandstone_stonecutting.json"},{"selected":true,"assetId":"minecraft:cut_sandstone_slab","value":"data/minecraft/recipes/cut_sandstone_slab_from_sandstone_stonecutting.json"},{"selected":true,"assetId":"minecraft:dark_prismarine_slab","value":"data/minecraft/recipes/dark_prismarine_slab_from_dark_prismarine_stonecutting.json"},{"selected":true,"assetId":"minecraft:dark_prismarine_stairs","value":"data/minecraft/recipes/dark_prismarine_stairs_from_dark_prismarine_stonecutting.json"},{"selected":true,"assetId":"minecraft:diorite_slab","value":"data/minecraft/recipes/diorite_slab_from_diorite_stonecutting.json"},{"selected":true,"assetId":"minecraft:diorite_stairs","value":"data/minecraft/recipes/diorite_stairs_from_diorite_stonecutting.json"},{"selected":true,"assetId":"minecraft:diorite_wall","value":"data/minecraft/recipes/diorite_wall_from_diorite_stonecutting.json"},{"selected":true,"assetId":"minecraft:end_stone_brick_slab","value":"data/minecraft/recipes/end_stone_brick_slab_from_end_stone_brick_stonecutting.json"},{"selected":true,"assetId":"minecraft:end_stone_brick_slab","value":"data/minecraft/recipes/end_stone_brick_slab_from_end_stone_stonecutting.json"},{"selected":true,"assetId":"minecraft:end_stone_brick_stairs","value":"data/minecraft/recipes/end_stone_brick_stairs_from_end_stone_brick_stonecutting.json"},{"selected":true,"assetId":"minecraft:end_stone_brick_stairs","value":"data/minecraft/recipes/end_stone_brick_stairs_from_end_stone_stonecutting.json"},{"selected":true,"assetId":"minecraft:end_stone_brick_wall","value":"data/minecraft/recipes/end_stone_brick_wall_from_end_stone_brick_stonecutting.json"},{"selected":true,"assetId":"minecraft:end_stone_brick_wall","value":"data/minecraft/recipes/end_stone_brick_wall_from_end_stone_stonecutting.json"},{"selected":true,"assetId":"minecraft:end_stone_bricks","value":"data/minecraft/recipes/end_stone_bricks_from_end_stone_stonecutting.json"},{"selected":true,"assetId":"minecraft:granite_slab","value":"data/minecraft/recipes/granite_slab_from_granite_stonecutting.json"},{"selected":true,"assetId":"minecraft:granite_stairs","value":"data/minecraft/recipes/granite_stairs_from_granite_stonecutting.json"},{"selected":true,"assetId":"minecraft:granite_wall","value":"data/minecraft/recipes/granite_wall_from_granite_stonecutting.json"},{"selected":true,"assetId":"minecraft:mossy_cobblestone_slab","value":"data/minecraft/recipes/mossy_cobblestone_slab_from_mossy_cobblestone_stonecutting.json"},{"selected":true,"assetId":"minecraft:mossy_cobblestone_stairs","value":"data/minecraft/recipes/mossy_cobblestone_stairs_from_mossy_cobblestone_stonecutting.json"},{"selected":true,"assetId":"minecraft:mossy_cobblestone_wall","value":"data/minecraft/recipes/mossy_cobblestone_wall_from_mossy_cobblestone_stonecutting.json"},{"selected":true,"assetId":"minecraft:mossy_stone_brick_slab","value":"data/minecraft/recipes/mossy_stone_brick_slab_from_mossy_stone_brick_stonecutting.json"},{"selected":true,"assetId":"minecraft:mossy_stone_brick_stairs","value":"data/minecraft/recipes/mossy_stone_brick_stairs_from_mossy_stone_brick_stonecutting.json"},{"selected":true,"assetId":"minecraft:mossy_stone_brick_wall","value":"data/minecraft/recipes/mossy_stone_brick_wall_from_mossy_stone_brick_stonecutting.json"},{"selected":true,"assetId":"minecraft:nether_brick_slab","value":"data/minecraft/recipes/nether_brick_slab_from_nether_bricks_stonecutting.json"},{"selected":true,"assetId":"minecraft:nether_brick_stairs","value":"data/minecraft/recipes/nether_brick_stairs_from_nether_bricks_stonecutting.json"},{"selected":true,"assetId":"minecraft:nether_brick_wall","value":"data/minecraft/recipes/nether_brick_wall_from_nether_bricks_stonecutting.json"},{"selected":true,"assetId":"minecraft:polished_andesite","value":"data/minecraft/recipes/polished_andesite_from_andesite_stonecutting.json"},{"selected":true,"assetId":"minecraft:polished_andesite_slab","value":"data/minecraft/recipes/polished_andesite_slab_from_andesite_stonecutting.json"},{"selected":true,"assetId":"minecraft:polished_andesite_slab","value":"data/minecraft/recipes/polished_andesite_slab_from_polished_andesite_stonecutting.json"},{"selected":true,"assetId":"minecraft:polished_andesite_stairs","value":"data/minecraft/recipes/polished_andesite_stairs_from_andesite_stonecutting.json"},{"selected":true,"assetId":"minecraft:polished_andesite_stairs","value":"data/minecraft/recipes/polished_andesite_stairs_from_polished_andesite_stonecutting.json"},{"selected":true,"assetId":"minecraft:polished_diorite","value":"data/minecraft/recipes/polished_diorite_from_diorite_stonecutting.json"},{"selected":true,"assetId":"minecraft:polished_diorite_slab","value":"data/minecraft/recipes/polished_diorite_slab_from_diorite_stonecutting.json"},{"selected":true,"assetId":"minecraft:polished_diorite_slab","value":"data/minecraft/recipes/polished_diorite_slab_from_polished_diorite_stonecutting.json"},{"selected":true,"assetId":"minecraft:polished_diorite_stairs","value":"data/minecraft/recipes/polished_diorite_stairs_from_diorite_stonecutting.json"},{"selected":true,"assetId":"minecraft:polished_diorite_stairs","value":"data/minecraft/recipes/polished_diorite_stairs_from_polished_diorite_stonecutting.json"},{"selected":true,"assetId":"minecraft:polished_granite","value":"data/minecraft/recipes/polished_granite_from_granite_stonecutting.json"},{"selected":true,"assetId":"minecraft:polished_granite_slab","value":"data/minecraft/recipes/polished_granite_slab_from_granite_stonecutting.json"},{"selected":true,"assetId":"minecraft:polished_granite_slab","value":"data/minecraft/recipes/polished_granite_slab_from_polished_granite_stonecutting.json"},{"selected":true,"assetId":"minecraft:polished_granite_stairs","value":"data/minecraft/recipes/polished_granite_stairs_from_granite_stonecutting.json"},{"selected":true,"assetId":"minecraft:polished_granite_stairs","value":"data/minecraft/recipes/polished_granite_stairs_from_polished_granite_stonecutting.json"},{"selected":true,"assetId":"minecraft:prismarine_brick_slab","value":"data/minecraft/recipes/prismarine_brick_slab_from_prismarine_stonecutting.json"},{"selected":true,"assetId":"minecraft:prismarine_brick_stairs","value":"data/minecraft/recipes/prismarine_brick_stairs_from_prismarine_stonecutting.json"},{"selected":true,"assetId":"minecraft:prismarine_slab","value":"data/minecraft/recipes/prismarine_slab_from_prismarine_stonecutting.json"},{"selected":true,"assetId":"minecraft:prismarine_stairs","value":"data/minecraft/recipes/prismarine_stairs_from_prismarine_stonecutting.json"},{"selected":true,"assetId":"minecraft:prismarine_wall","value":"data/minecraft/recipes/prismarine_wall_from_prismarine_stonecutting.json"},{"selected":true,"assetId":"minecraft:purpur_pillar","value":"data/minecraft/recipes/purpur_pillar_from_purpur_block_stonecutting.json"},{"selected":true,"assetId":"minecraft:purpur_slab","value":"data/minecraft/recipes/purpur_slab_from_purpur_block_stonecutting.json"},{"selected":true,"assetId":"minecraft:purpur_stairs","value":"data/minecraft/recipes/purpur_stairs_from_purpur_block_stonecutting.json"},{"selected":true,"assetId":"minecraft:quartz_pillar","value":"data/minecraft/recipes/quartz_pillar_from_quartz_block_stonecutting.json"},{"selected":true,"assetId":"minecraft:quartz_slab","value":"data/minecraft/recipes/quartz_slab_from_stonecutting.json"},{"selected":true,"assetId":"minecraft:quartz_stairs","value":"data/minecraft/recipes/quartz_stairs_from_quartz_block_stonecutting.json"},{"selected":true,"assetId":"minecraft:red_nether_brick_slab","value":"data/minecraft/recipes/red_nether_brick_slab_from_red_nether_bricks_stonecutting.json"},{"selected":true,"assetId":"minecraft:red_nether_brick_stairs","value":"data/minecraft/recipes/red_nether_brick_stairs_from_red_nether_bricks_stonecutting.json"},{"selected":true,"assetId":"minecraft:red_nether_brick_wall","value":"data/minecraft/recipes/red_nether_brick_wall_from_red_nether_bricks_stonecutting.json"},{"selected":true,"assetId":"minecraft:red_sandstone_slab","value":"data/minecraft/recipes/red_sandstone_slab_from_red_sandstone_stonecutting.json"},{"selected":true,"assetId":"minecraft:red_sandstone_stairs","value":"data/minecraft/recipes/red_sandstone_stairs_from_red_sandstone_stonecutting.json"},{"selected":true,"assetId":"minecraft:red_sandstone_wall","value":"data/minecraft/recipes/red_sandstone_wall_from_red_sandstone_stonecutting.json"},{"selected":true,"assetId":"minecraft:sandstone_slab","value":"data/minecraft/recipes/sandstone_slab_from_sandstone_stonecutting.json"},{"selected":true,"assetId":"minecraft:sandstone_stairs","value":"data/minecraft/recipes/sandstone_stairs_from_sandstone_stonecutting.json"},{"selected":true,"assetId":"minecraft:sandstone_wall","value":"data/minecraft/recipes/sandstone_wall_from_sandstone_stonecutting.json"},{"selected":true,"assetId":"minecraft:smooth_quartz_slab","value":"data/minecraft/recipes/smooth_quartz_slab_from_smooth_quartz_stonecutting.json"},{"selected":true,"assetId":"minecraft:smooth_quartz_stairs","value":"data/minecraft/recipes/smooth_quartz_stairs_from_smooth_quartz_stonecutting.json"},{"selected":true,"assetId":"minecraft:smooth_red_sandstone_slab","value":"data/minecraft/recipes/smooth_red_sandstone_slab_from_smooth_red_sandstone_stonecutting.json"},{"selected":true,"assetId":"minecraft:smooth_red_sandstone_stairs","value":"data/minecraft/recipes/smooth_red_sandstone_stairs_from_smooth_red_sandstone_stonecutting.json"},{"selected":true,"assetId":"minecraft:smooth_sandstone_slab","value":"data/minecraft/recipes/smooth_sandstone_slab_from_smooth_sandstone_stonecutting.json"},{"selected":true,"assetId":"minecraft:smooth_sandstone_stairs","value":"data/minecraft/recipes/smooth_sandstone_stairs_from_smooth_sandstone_stonecutting.json"},{"selected":true,"assetId":"minecraft:smooth_stone_slab","value":"data/minecraft/recipes/smooth_stone_slab_from_smooth_stone_stonecutting.json"},{"selected":true,"assetId":"minecraft:stone_brick_slab","value":"data/minecraft/recipes/stone_brick_slab_from_stone_bricks_stonecutting.json"},{"selected":true,"assetId":"minecraft:stone_brick_slab","value":"data/minecraft/recipes/stone_brick_slab_from_stone_stonecutting.json"},{"selected":true,"assetId":"minecraft:stone_brick_stairs","value":"data/minecraft/recipes/stone_brick_stairs_from_stone_bricks_stonecutting.json"},{"selected":true,"assetId":"minecraft:stone_brick_stairs","value":"data/minecraft/recipes/stone_brick_stairs_from_stone_stonecutting.json"},{"selected":true,"assetId":"minecraft:stone_brick_wall","value":"data/minecraft/recipes/stone_brick_walls_from_stone_stonecutting.json"},{"selected":true,"assetId":"minecraft:stone_brick_wall","value":"data/minecraft/recipes/stone_brick_wall_from_stone_bricks_stonecutting.json"},{"selected":true,"assetId":"minecraft:stone_bricks","value":"data/minecraft/recipes/stone_bricks_from_stone_stonecutting.json"},{"selected":true,"assetId":"minecraft:stone_slab","value":"data/minecraft/recipes/stone_slab_from_stone_stonecutting.json"},{"selected":true,"assetId":"minecraft:stone_stairs","value":"data/minecraft/recipes/stone_stairs_from_stone_stonecutting.json"}],"toolbox:crafting_recipes_randomizer_group_smelting":[{"selected":true,"assetId":"minecraft:baked_potato","value":"data/minecraft/recipes/baked_potato.json"},{"selected":true,"assetId":"minecraft:black_glazed_terracotta","value":"data/minecraft/recipes/black_glazed_terracotta.json"},{"selected":true,"assetId":"minecraft:blue_glazed_terracotta","value":"data/minecraft/recipes/blue_glazed_terracotta.json"},{"selected":true,"assetId":"minecraft:brick","value":"data/minecraft/recipes/brick.json"},{"selected":true,"assetId":"minecraft:brown_glazed_terracotta","value":"data/minecraft/recipes/brown_glazed_terracotta.json"},{"selected":true,"assetId":"minecraft:charcoal","value":"data/minecraft/recipes/charcoal.json"},{"selected":true,"assetId":"minecraft:coal","value":"data/minecraft/recipes/coal_from_smelting.json"},{"selected":true,"assetId":"minecraft:cooked_beef","value":"data/minecraft/recipes/cooked_beef.json"},{"selected":true,"assetId":"minecraft:cooked_chicken","value":"data/minecraft/recipes/cooked_chicken.json"},{"selected":true,"assetId":"minecraft:cooked_cod","value":"data/minecraft/recipes/cooked_cod.json"},{"selected":true,"assetId":"minecraft:cooked_mutton","value":"data/minecraft/recipes/cooked_mutton.json"},{"selected":true,"assetId":"minecraft:cooked_porkchop","value":"data/minecraft/recipes/cooked_porkchop.json"},{"selected":true,"assetId":"minecraft:cooked_rabbit","value":"data/minecraft/recipes/cooked_rabbit.json"},{"selected":true,"assetId":"minecraft:cooked_salmon","value":"data/minecraft/recipes/cooked_salmon.json"},{"selected":true,"assetId":"minecraft:cracked_stone_bricks","value":"data/minecraft/recipes/cracked_stone_bricks.json"},{"selected":true,"assetId":"minecraft:cyan_glazed_terracotta","value":"data/minecraft/recipes/cyan_glazed_terracotta.json"},{"selected":true,"assetId":"minecraft:diamond","value":"data/minecraft/recipes/diamond_from_smelting.json"},{"selected":true,"assetId":"minecraft:dried_kelp","value":"data/minecraft/recipes/dried_kelp_from_smelting.json"},{"selected":true,"assetId":"minecraft:emerald","value":"data/minecraft/recipes/emerald_from_smelting.json"},{"selected":true,"assetId":"minecraft:glass","value":"data/minecraft/recipes/glass.json"},{"selected":true,"assetId":"minecraft:gold_ingot","value":"data/minecraft/recipes/gold_ingot.json"},{"selected":true,"assetId":"minecraft:gold_nugget","value":"data/minecraft/recipes/gold_nugget_from_smelting.json"},{"selected":true,"assetId":"minecraft:gray_glazed_terracotta","value":"data/minecraft/recipes/gray_glazed_terracotta.json"},{"selected":true,"assetId":"minecraft:green_dye","value":"data/minecraft/recipes/green_dye.json"},{"selected":true,"assetId":"minecraft:green_glazed_terracotta","value":"data/minecraft/recipes/green_glazed_terracotta.json"},{"selected":true,"assetId":"minecraft:iron_ingot","value":"data/minecraft/recipes/iron_ingot.json"},{"selected":true,"assetId":"minecraft:iron_nugget","value":"data/minecraft/recipes/iron_nugget_from_smelting.json"},{"selected":true,"assetId":"minecraft:lapis_lazuli","value":"data/minecraft/recipes/lapis_from_smelting.json"},{"selected":true,"assetId":"minecraft:light_blue_glazed_terracotta","value":"data/minecraft/recipes/light_blue_glazed_terracotta.json"},{"selected":true,"assetId":"minecraft:light_gray_glazed_terracotta","value":"data/minecraft/recipes/light_gray_glazed_terracotta.json"},{"selected":true,"assetId":"minecraft:lime_dye","value":"data/minecraft/recipes/lime_dye_from_smelting.json"},{"selected":true,"assetId":"minecraft:lime_glazed_terracotta","value":"data/minecraft/recipes/lime_glazed_terracotta.json"},{"selected":true,"assetId":"minecraft:magenta_glazed_terracotta","value":"data/minecraft/recipes/magenta_glazed_terracotta.json"},{"selected":true,"assetId":"minecraft:nether_brick","value":"data/minecraft/recipes/nether_brick.json"},{"selected":true,"assetId":"minecraft:orange_glazed_terracotta","value":"data/minecraft/recipes/orange_glazed_terracotta.json"},{"selected":true,"assetId":"minecraft:pink_glazed_terracotta","value":"data/minecraft/recipes/pink_glazed_terracotta.json"},{"selected":true,"assetId":"minecraft:popped_chorus_fruit","value":"data/minecraft/recipes/popped_chorus_fruit.json"},{"selected":true,"assetId":"minecraft:purple_glazed_terracotta","value":"data/minecraft/recipes/purple_glazed_terracotta.json"},{"selected":true,"assetId":"minecraft:quartz","value":"data/minecraft/recipes/quartz.json"},{"selected":true,"assetId":"minecraft:red_glazed_terracotta","value":"data/minecraft/recipes/red_glazed_terracotta.json"},{"selected":true,"assetId":"minecraft:redstone","value":"data/minecraft/recipes/redstone_from_smelting.json"},{"selected":true,"assetId":"minecraft:smooth_quartz","value":"data/minecraft/recipes/smooth_quartz.json"},{"selected":true,"assetId":"minecraft:smooth_red_sandstone","value":"data/minecraft/recipes/smooth_red_sandstone.json"},{"selected":true,"assetId":"minecraft:smooth_sandstone","value":"data/minecraft/recipes/smooth_sandstone.json"},{"selected":true,"assetId":"minecraft:smooth_stone","value":"data/minecraft/recipes/smooth_stone.json"},{"selected":true,"assetId":"minecraft:sponge","value":"data/minecraft/recipes/sponge.json"},{"selected":true,"assetId":"minecraft:stone","value":"data/minecraft/recipes/stone.json"},{"selected":true,"assetId":"minecraft:terracotta","value":"data/minecraft/recipes/terracotta.json"},{"selected":true,"assetId":"minecraft:white_glazed_terracotta","value":"data/minecraft/recipes/white_glazed_terracotta.json"},{"selected":true,"assetId":"minecraft:yellow_glazed_terracotta","value":"data/minecraft/recipes/yellow_glazed_terracotta.json"}],"toolbox:crafting_recipes_randomizer_group_campfire_cooking":[{"selected":true,"assetId":"minecraft:baked_potato","value":"data/minecraft/recipes/baked_potato_from_campfire_cooking.json"},{"selected":true,"assetId":"minecraft:cooked_beef","value":"data/minecraft/recipes/cooked_beef_from_campfire_cooking.json"},{"selected":true,"assetId":"minecraft:cooked_chicken","value":"data/minecraft/recipes/cooked_chicken_from_campfire_cooking.json"},{"selected":true,"assetId":"minecraft:cooked_cod","value":"data/minecraft/recipes/cooked_cod_from_campfire_cooking.json"},{"selected":true,"assetId":"minecraft:cooked_mutton","value":"data/minecraft/recipes/cooked_mutton_from_campfire_cooking.json"},{"selected":true,"assetId":"minecraft:cooked_porkchop","value":"data/minecraft/recipes/cooked_porkchop_from_campfire_cooking.json"},{"selected":true,"assetId":"minecraft:cooked_rabbit","value":"data/minecraft/recipes/cooked_rabbit_from_campfire_cooking.json"},{"selected":true,"assetId":"minecraft:cooked_salmon","value":"data/minecraft/recipes/cooked_salmon_from_campfire_cooking.json"},{"selected":true,"assetId":"minecraft:dried_kelp","value":"data/minecraft/recipes/dried_kelp_from_campfire_cooking.json"}],"toolbox:crafting_recipes_randomizer_group_smoking":[{"selected":true,"assetId":"minecraft:baked_potato","value":"data/minecraft/recipes/baked_potato_from_smoking.json"},{"selected":true,"assetId":"minecraft:cooked_beef","value":"data/minecraft/recipes/cooked_beef_from_smoking.json"},{"selected":true,"assetId":"minecraft:cooked_chicken","value":"data/minecraft/recipes/cooked_chicken_from_smoking.json"},{"selected":true,"assetId":"minecraft:cooked_cod","value":"data/minecraft/recipes/cooked_cod_from_smoking.json"},{"selected":true,"assetId":"minecraft:cooked_mutton","value":"data/minecraft/recipes/cooked_mutton_from_smoking.json"},{"selected":true,"assetId":"minecraft:cooked_porkchop","value":"data/minecraft/recipes/cooked_porkchop_from_smoking.json"},{"selected":true,"assetId":"minecraft:cooked_rabbit","value":"data/minecraft/recipes/cooked_rabbit_from_smoking.json"},{"selected":true,"assetId":"minecraft:cooked_salmon","value":"data/minecraft/recipes/cooked_salmon_from_smoking.json"},{"selected":true,"assetId":"minecraft:dried_kelp","value":"data/minecraft/recipes/dried_kelp_from_smoking.json"}],"toolbox:crafting_recipes_randomizer_group_blasting":[{"selected":true,"assetId":"minecraft:coal","value":"data/minecraft/recipes/coal_from_blasting.json"},{"selected":true,"assetId":"minecraft:diamond","value":"data/minecraft/recipes/diamond_from_blasting.json"},{"selected":true,"assetId":"minecraft:emerald","value":"data/minecraft/recipes/emerald_from_blasting.json"},{"selected":true,"assetId":"minecraft:gold_ingot","value":"data/minecraft/recipes/gold_ingot_from_blasting.json"},{"selected":true,"assetId":"minecraft:gold_nugget","value":"data/minecraft/recipes/gold_nugget_from_blasting.json"},{"selected":true,"assetId":"minecraft:iron_ingot","value":"data/minecraft/recipes/iron_ingot_from_blasting.json"},{"selected":true,"assetId":"minecraft:iron_nugget","value":"data/minecraft/recipes/iron_nugget_from_blasting.json"},{"selected":true,"assetId":"minecraft:lapis_lazuli","value":"data/minecraft/recipes/lapis_from_blasting.json"},{"selected":true,"assetId":"minecraft:quartz","value":"data/minecraft/recipes/quartz_from_blasting.json"},{"selected":true,"assetId":"minecraft:redstone","value":"data/minecraft/recipes/redstone_from_blasting.json"}]}