{
  "type": "minecraft:block",
  "pools": [
    {
      "bonus_rolls": 0.0,
      "entries": [
        {
          "type": "minecraft:alternatives",
          "children": [
            {
              "type": "minecraft:dynamic",
              "conditions": [
                {
                  "block": "minecraft:decorated_pot",
                  "condition": "minecraft:block_state_property",
                  "properties": {
                    "cracked": "true"
                  }
                }
              ],
              "name": "minecraft:sherds"
            },
            {
              "type": "minecraft:item",
              "functions": [
                {
                  "function": "minecraft:copy_nbt",
                  "ops": [
                    {
                      "op": "replace",
                      "source": "sherds",
                      "target": "BlockEntityTag.sherds"
                    }
                  ],
                  "source": "block_entity"
                }
              ],
              "name": "minecraft:decorated_pot"
            }
          ]
        }
      ],
      "rolls": 1.0
    }
  ],
  "random_sequence": "minecraft:blocks/decorated_pot"
}