{"toolbox:loot_table_randomizer_group_blocks":[{"selected":true,"assetId":"minecraft:acacia_button","value":"data/minecraft/loot_tables/blocks/acacia_button.json"},{"selected":true,"assetId":"minecraft:acacia_door","value":"data/minecraft/loot_tables/blocks/acacia_door.json"},{"selected":true,"assetId":"minecraft:acacia_fence","value":"data/minecraft/loot_tables/blocks/acacia_fence.json"},{"selected":true,"assetId":"minecraft:acacia_fence_gate","value":"data/minecraft/loot_tables/blocks/acacia_fence_gate.json"},{"selected":true,"assetId":"minecraft:acacia_leaves","value":"data/minecraft/loot_tables/blocks/acacia_leaves.json"},{"selected":true,"assetId":"minecraft:acacia_log","value":"data/minecraft/loot_tables/blocks/acacia_log.json"},{"selected":true,"assetId":"minecraft:acacia_planks","value":"data/minecraft/loot_tables/blocks/acacia_planks.json"},{"selected":true,"assetId":"minecraft:acacia_pressure_plate","value":"data/minecraft/loot_tables/blocks/acacia_pressure_plate.json"},{"selected":true,"assetId":"minecraft:acacia_sapling","value":"data/minecraft/loot_tables/blocks/acacia_sapling.json"},{"selected":true,"assetId":"minecraft:acacia_sign","value":"data/minecraft/loot_tables/blocks/acacia_sign.json"},{"selected":true,"assetId":"minecraft:acacia_slab","value":"data/minecraft/loot_tables/blocks/acacia_slab.json"},{"selected":true,"assetId":"minecraft:acacia_stairs","value":"data/minecraft/loot_tables/blocks/acacia_stairs.json"},{"selected":true,"assetId":"minecraft:acacia_trapdoor","value":"data/minecraft/loot_tables/blocks/acacia_trapdoor.json"},{"selected":true,"assetId":"minecraft:acacia_wood","value":"data/minecraft/loot_tables/blocks/acacia_wood.json"},{"selected":true,"assetId":"minecraft:activator_rail","value":"data/minecraft/loot_tables/blocks/activator_rail.json"},{"selected":true,"assetId":"minecraft:allium","value":"data/minecraft/loot_tables/blocks/allium.json"},{"selected":true,"assetId":"minecraft:andesite","value":"data/minecraft/loot_tables/blocks/andesite.json"},{"selected":true,"assetId":"minecraft:andesite_slab","value":"data/minecraft/loot_tables/blocks/andesite_slab.json"},{"selected":true,"assetId":"minecraft:andesite_stairs","value":"data/minecraft/loot_tables/blocks/andesite_stairs.json"},{"selected":true,"assetId":"minecraft:andesite_wall","value":"data/minecraft/loot_tables/blocks/andesite_wall.json"},{"selected":true,"assetId":"minecraft:anvil","value":"data/minecraft/loot_tables/blocks/anvil.json"},{"selected":true,"assetId":"minecraft:attached_melon_stem","value":"data/minecraft/loot_tables/blocks/attached_melon_stem.json"},{"selected":true,"assetId":"minecraft:attached_pumpkin_stem","value":"data/minecraft/loot_tables/blocks/attached_pumpkin_stem.json"},{"selected":true,"assetId":"minecraft:azure_bluet","value":"data/minecraft/loot_tables/blocks/azure_bluet.json"},{"selected":true,"assetId":"minecraft:bamboo","value":"data/minecraft/loot_tables/blocks/bamboo.json"},{"selected":true,"assetId":"minecraft:bamboo_sapling","value":"data/minecraft/loot_tables/blocks/bamboo_sapling.json"},{"selected":true,"assetId":"minecraft:barrel","value":"data/minecraft/loot_tables/blocks/barrel.json"},{"selected":true,"assetId":"minecraft:beacon","value":"data/minecraft/loot_tables/blocks/beacon.json"},{"selected":true,"assetId":"minecraft:bee_nest","value":"data/minecraft/loot_tables/blocks/bee_nest.json"},{"selected":true,"assetId":"minecraft:beehive","value":"data/minecraft/loot_tables/blocks/beehive.json"},{"selected":true,"assetId":"minecraft:beetroots","value":"data/minecraft/loot_tables/blocks/beetroots.json"},{"selected":true,"assetId":"minecraft:bell","value":"data/minecraft/loot_tables/blocks/bell.json"},{"selected":true,"assetId":"minecraft:birch_button","value":"data/minecraft/loot_tables/blocks/birch_button.json"},{"selected":true,"assetId":"minecraft:birch_door","value":"data/minecraft/loot_tables/blocks/birch_door.json"},{"selected":true,"assetId":"minecraft:birch_fence","value":"data/minecraft/loot_tables/blocks/birch_fence.json"},{"selected":true,"assetId":"minecraft:birch_fence_gate","value":"data/minecraft/loot_tables/blocks/birch_fence_gate.json"},{"selected":true,"assetId":"minecraft:birch_leaves","value":"data/minecraft/loot_tables/blocks/birch_leaves.json"},{"selected":true,"assetId":"minecraft:birch_log","value":"data/minecraft/loot_tables/blocks/birch_log.json"},{"selected":true,"assetId":"minecraft:birch_planks","value":"data/minecraft/loot_tables/blocks/birch_planks.json"},{"selected":true,"assetId":"minecraft:birch_pressure_plate","value":"data/minecraft/loot_tables/blocks/birch_pressure_plate.json"},{"selected":true,"assetId":"minecraft:birch_sapling","value":"data/minecraft/loot_tables/blocks/birch_sapling.json"},{"selected":true,"assetId":"minecraft:birch_sign","value":"data/minecraft/loot_tables/blocks/birch_sign.json"},{"selected":true,"assetId":"minecraft:birch_slab","value":"data/minecraft/loot_tables/blocks/birch_slab.json"},{"selected":true,"assetId":"minecraft:birch_stairs","value":"data/minecraft/loot_tables/blocks/birch_stairs.json"},{"selected":true,"assetId":"minecraft:birch_trapdoor","value":"data/minecraft/loot_tables/blocks/birch_trapdoor.json"},{"selected":true,"assetId":"minecraft:birch_wood","value":"data/minecraft/loot_tables/blocks/birch_wood.json"},{"selected":true,"assetId":"minecraft:black_banner","value":"data/minecraft/loot_tables/blocks/black_banner.json"},{"selected":true,"assetId":"minecraft:black_bed","value":"data/minecraft/loot_tables/blocks/black_bed.json"},{"selected":true,"assetId":"minecraft:black_carpet","value":"data/minecraft/loot_tables/blocks/black_carpet.json"},{"selected":true,"assetId":"minecraft:black_concrete","value":"data/minecraft/loot_tables/blocks/black_concrete.json"},{"selected":true,"assetId":"minecraft:black_concrete_powder","value":"data/minecraft/loot_tables/blocks/black_concrete_powder.json"},{"selected":true,"assetId":"minecraft:black_glazed_terracotta","value":"data/minecraft/loot_tables/blocks/black_glazed_terracotta.json"},{"selected":false,"assetId":"minecraft:black_shulker_box","value":"data/minecraft/loot_tables/blocks/black_shulker_box.json"},{"selected":true,"assetId":"minecraft:black_stained_glass","value":"data/minecraft/loot_tables/blocks/black_stained_glass.json"},{"selected":true,"assetId":"minecraft:black_stained_glass_pane","value":"data/minecraft/loot_tables/blocks/black_stained_glass_pane.json"},{"selected":true,"assetId":"minecraft:black_terracotta","value":"data/minecraft/loot_tables/blocks/black_terracotta.json"},{"selected":true,"assetId":"minecraft:black_wool","value":"data/minecraft/loot_tables/blocks/black_wool.json"},{"selected":true,"assetId":"minecraft:blast_furnace","value":"data/minecraft/loot_tables/blocks/blast_furnace.json"},{"selected":true,"assetId":"minecraft:blue_banner","value":"data/minecraft/loot_tables/blocks/blue_banner.json"},{"selected":true,"assetId":"minecraft:blue_bed","value":"data/minecraft/loot_tables/blocks/blue_bed.json"},{"selected":true,"assetId":"minecraft:blue_carpet","value":"data/minecraft/loot_tables/blocks/blue_carpet.json"},{"selected":true,"assetId":"minecraft:blue_concrete","value":"data/minecraft/loot_tables/blocks/blue_concrete.json"},{"selected":true,"assetId":"minecraft:blue_concrete_powder","value":"data/minecraft/loot_tables/blocks/blue_concrete_powder.json"},{"selected":true,"assetId":"minecraft:blue_glazed_terracotta","value":"data/minecraft/loot_tables/blocks/blue_glazed_terracotta.json"},{"selected":true,"assetId":"minecraft:blue_ice","value":"data/minecraft/loot_tables/blocks/blue_ice.json"},{"selected":true,"assetId":"minecraft:blue_orchid","value":"data/minecraft/loot_tables/blocks/blue_orchid.json"},{"selected":false,"assetId":"minecraft:blue_shulker_box","value":"data/minecraft/loot_tables/blocks/blue_shulker_box.json"},{"selected":true,"assetId":"minecraft:blue_stained_glass","value":"data/minecraft/loot_tables/blocks/blue_stained_glass.json"},{"selected":true,"assetId":"minecraft:blue_stained_glass_pane","value":"data/minecraft/loot_tables/blocks/blue_stained_glass_pane.json"},{"selected":true,"assetId":"minecraft:blue_terracotta","value":"data/minecraft/loot_tables/blocks/blue_terracotta.json"},{"selected":true,"assetId":"minecraft:blue_wool","value":"data/minecraft/loot_tables/blocks/blue_wool.json"},{"selected":true,"assetId":"minecraft:bone_block","value":"data/minecraft/loot_tables/blocks/bone_block.json"},{"selected":true,"assetId":"minecraft:bookshelf","value":"data/minecraft/loot_tables/blocks/bookshelf.json"},{"selected":true,"assetId":"minecraft:brain_coral","value":"data/minecraft/loot_tables/blocks/brain_coral.json"},{"selected":true,"assetId":"minecraft:brain_coral_block","value":"data/minecraft/loot_tables/blocks/brain_coral_block.json"},{"selected":true,"assetId":"minecraft:brain_coral_fan","value":"data/minecraft/loot_tables/blocks/brain_coral_fan.json"},{"selected":true,"assetId":"minecraft:brewing_stand","value":"data/minecraft/loot_tables/blocks/brewing_stand.json"},{"selected":true,"assetId":"minecraft:brick_slab","value":"data/minecraft/loot_tables/blocks/brick_slab.json"},{"selected":true,"assetId":"minecraft:brick_stairs","value":"data/minecraft/loot_tables/blocks/brick_stairs.json"},{"selected":true,"assetId":"minecraft:brick_wall","value":"data/minecraft/loot_tables/blocks/brick_wall.json"},{"selected":true,"assetId":"minecraft:bricks","value":"data/minecraft/loot_tables/blocks/bricks.json"},{"selected":true,"assetId":"minecraft:brown_banner","value":"data/minecraft/loot_tables/blocks/brown_banner.json"},{"selected":true,"assetId":"minecraft:brown_bed","value":"data/minecraft/loot_tables/blocks/brown_bed.json"},{"selected":true,"assetId":"minecraft:brown_carpet","value":"data/minecraft/loot_tables/blocks/brown_carpet.json"},{"selected":true,"assetId":"minecraft:brown_concrete","value":"data/minecraft/loot_tables/blocks/brown_concrete.json"},{"selected":true,"assetId":"minecraft:brown_concrete_powder","value":"data/minecraft/loot_tables/blocks/brown_concrete_powder.json"},{"selected":true,"assetId":"minecraft:brown_glazed_terracotta","value":"data/minecraft/loot_tables/blocks/brown_glazed_terracotta.json"},{"selected":true,"assetId":"minecraft:brown_mushroom","value":"data/minecraft/loot_tables/blocks/brown_mushroom.json"},{"selected":true,"assetId":"minecraft:brown_mushroom_block","value":"data/minecraft/loot_tables/blocks/brown_mushroom_block.json"},{"selected":false,"assetId":"minecraft:brown_shulker_box","value":"data/minecraft/loot_tables/blocks/brown_shulker_box.json"},{"selected":true,"assetId":"minecraft:brown_stained_glass","value":"data/minecraft/loot_tables/blocks/brown_stained_glass.json"},{"selected":true,"assetId":"minecraft:brown_stained_glass_pane","value":"data/minecraft/loot_tables/blocks/brown_stained_glass_pane.json"},{"selected":true,"assetId":"minecraft:brown_terracotta","value":"data/minecraft/loot_tables/blocks/brown_terracotta.json"},{"selected":true,"assetId":"minecraft:brown_wool","value":"data/minecraft/loot_tables/blocks/brown_wool.json"},{"selected":true,"assetId":"minecraft:bubble_coral","value":"data/minecraft/loot_tables/blocks/bubble_coral.json"},{"selected":true,"assetId":"minecraft:bubble_coral_block","value":"data/minecraft/loot_tables/blocks/bubble_coral_block.json"},{"selected":true,"assetId":"minecraft:bubble_coral_fan","value":"data/minecraft/loot_tables/blocks/bubble_coral_fan.json"},{"selected":true,"assetId":"minecraft:cactus","value":"data/minecraft/loot_tables/blocks/cactus.json"},{"selected":true,"assetId":"minecraft:cake","value":"data/minecraft/loot_tables/blocks/cake.json"},{"selected":true,"assetId":"minecraft:campfire","value":"data/minecraft/loot_tables/blocks/campfire.json"},{"selected":true,"assetId":"minecraft:carrots","value":"data/minecraft/loot_tables/blocks/carrots.json"},{"selected":true,"assetId":"minecraft:cartography_table","value":"data/minecraft/loot_tables/blocks/cartography_table.json"},{"selected":true,"assetId":"minecraft:carved_pumpkin","value":"data/minecraft/loot_tables/blocks/carved_pumpkin.json"},{"selected":true,"assetId":"minecraft:cauldron","value":"data/minecraft/loot_tables/blocks/cauldron.json"},{"selected":true,"assetId":"minecraft:chest","value":"data/minecraft/loot_tables/blocks/chest.json"},{"selected":true,"assetId":"minecraft:chipped_anvil","value":"data/minecraft/loot_tables/blocks/chipped_anvil.json"},{"selected":true,"assetId":"minecraft:chiseled_quartz_block","value":"data/minecraft/loot_tables/blocks/chiseled_quartz_block.json"},{"selected":true,"assetId":"minecraft:chiseled_red_sandstone","value":"data/minecraft/loot_tables/blocks/chiseled_red_sandstone.json"},{"selected":true,"assetId":"minecraft:chiseled_sandstone","value":"data/minecraft/loot_tables/blocks/chiseled_sandstone.json"},{"selected":true,"assetId":"minecraft:chiseled_stone_bricks","value":"data/minecraft/loot_tables/blocks/chiseled_stone_bricks.json"},{"selected":true,"assetId":"minecraft:chorus_flower","value":"data/minecraft/loot_tables/blocks/chorus_flower.json"},{"selected":true,"assetId":"minecraft:chorus_plant","value":"data/minecraft/loot_tables/blocks/chorus_plant.json"},{"selected":true,"assetId":"minecraft:clay","value":"data/minecraft/loot_tables/blocks/clay.json"},{"selected":true,"assetId":"minecraft:coal_block","value":"data/minecraft/loot_tables/blocks/coal_block.json"},{"selected":true,"assetId":"minecraft:coal_ore","value":"data/minecraft/loot_tables/blocks/coal_ore.json"},{"selected":true,"assetId":"minecraft:coarse_dirt","value":"data/minecraft/loot_tables/blocks/coarse_dirt.json"},{"selected":true,"assetId":"minecraft:cobblestone","value":"data/minecraft/loot_tables/blocks/cobblestone.json"},{"selected":true,"assetId":"minecraft:cobblestone_slab","value":"data/minecraft/loot_tables/blocks/cobblestone_slab.json"},{"selected":true,"assetId":"minecraft:cobblestone_stairs","value":"data/minecraft/loot_tables/blocks/cobblestone_stairs.json"},{"selected":true,"assetId":"minecraft:cobblestone_wall","value":"data/minecraft/loot_tables/blocks/cobblestone_wall.json"},{"selected":true,"assetId":"minecraft:cobweb","value":"data/minecraft/loot_tables/blocks/cobweb.json"},{"selected":true,"assetId":"minecraft:cocoa","value":"data/minecraft/loot_tables/blocks/cocoa.json"},{"selected":true,"assetId":"minecraft:comparator","value":"data/minecraft/loot_tables/blocks/comparator.json"},{"selected":true,"assetId":"minecraft:composter","value":"data/minecraft/loot_tables/blocks/composter.json"},{"selected":true,"assetId":"minecraft:conduit","value":"data/minecraft/loot_tables/blocks/conduit.json"},{"selected":true,"assetId":"minecraft:cornflower","value":"data/minecraft/loot_tables/blocks/cornflower.json"},{"selected":true,"assetId":"minecraft:cracked_stone_bricks","value":"data/minecraft/loot_tables/blocks/cracked_stone_bricks.json"},{"selected":true,"assetId":"minecraft:crafting_table","value":"data/minecraft/loot_tables/blocks/crafting_table.json"},{"selected":true,"assetId":"minecraft:creeper_head","value":"data/minecraft/loot_tables/blocks/creeper_head.json"},{"selected":true,"assetId":"minecraft:cut_red_sandstone","value":"data/minecraft/loot_tables/blocks/cut_red_sandstone.json"},{"selected":true,"assetId":"minecraft:cut_red_sandstone_slab","value":"data/minecraft/loot_tables/blocks/cut_red_sandstone_slab.json"},{"selected":true,"assetId":"minecraft:cut_sandstone","value":"data/minecraft/loot_tables/blocks/cut_sandstone.json"},{"selected":true,"assetId":"minecraft:cut_sandstone_slab","value":"data/minecraft/loot_tables/blocks/cut_sandstone_slab.json"},{"selected":true,"assetId":"minecraft:cyan_banner","value":"data/minecraft/loot_tables/blocks/cyan_banner.json"},{"selected":true,"assetId":"minecraft:cyan_bed","value":"data/minecraft/loot_tables/blocks/cyan_bed.json"},{"selected":true,"assetId":"minecraft:cyan_carpet","value":"data/minecraft/loot_tables/blocks/cyan_carpet.json"},{"selected":true,"assetId":"minecraft:cyan_concrete","value":"data/minecraft/loot_tables/blocks/cyan_concrete.json"},{"selected":true,"assetId":"minecraft:cyan_concrete_powder","value":"data/minecraft/loot_tables/blocks/cyan_concrete_powder.json"},{"selected":true,"assetId":"minecraft:cyan_glazed_terracotta","value":"data/minecraft/loot_tables/blocks/cyan_glazed_terracotta.json"},{"selected":false,"assetId":"minecraft:cyan_shulker_box","value":"data/minecraft/loot_tables/blocks/cyan_shulker_box.json"},{"selected":true,"assetId":"minecraft:cyan_stained_glass","value":"data/minecraft/loot_tables/blocks/cyan_stained_glass.json"},{"selected":true,"assetId":"minecraft:cyan_stained_glass_pane","value":"data/minecraft/loot_tables/blocks/cyan_stained_glass_pane.json"},{"selected":true,"assetId":"minecraft:cyan_terracotta","value":"data/minecraft/loot_tables/blocks/cyan_terracotta.json"},{"selected":true,"assetId":"minecraft:cyan_wool","value":"data/minecraft/loot_tables/blocks/cyan_wool.json"},{"selected":true,"assetId":"minecraft:damaged_anvil","value":"data/minecraft/loot_tables/blocks/damaged_anvil.json"},{"selected":true,"assetId":"minecraft:dandelion","value":"data/minecraft/loot_tables/blocks/dandelion.json"},{"selected":true,"assetId":"minecraft:dark_oak_button","value":"data/minecraft/loot_tables/blocks/dark_oak_button.json"},{"selected":true,"assetId":"minecraft:dark_oak_door","value":"data/minecraft/loot_tables/blocks/dark_oak_door.json"},{"selected":true,"assetId":"minecraft:dark_oak_fence","value":"data/minecraft/loot_tables/blocks/dark_oak_fence.json"},{"selected":true,"assetId":"minecraft:dark_oak_fence_gate","value":"data/minecraft/loot_tables/blocks/dark_oak_fence_gate.json"},{"selected":true,"assetId":"minecraft:dark_oak_leaves","value":"data/minecraft/loot_tables/blocks/dark_oak_leaves.json"},{"selected":true,"assetId":"minecraft:dark_oak_log","value":"data/minecraft/loot_tables/blocks/dark_oak_log.json"},{"selected":true,"assetId":"minecraft:dark_oak_planks","value":"data/minecraft/loot_tables/blocks/dark_oak_planks.json"},{"selected":true,"assetId":"minecraft:dark_oak_pressure_plate","value":"data/minecraft/loot_tables/blocks/dark_oak_pressure_plate.json"},{"selected":true,"assetId":"minecraft:dark_oak_sapling","value":"data/minecraft/loot_tables/blocks/dark_oak_sapling.json"},{"selected":true,"assetId":"minecraft:dark_oak_sign","value":"data/minecraft/loot_tables/blocks/dark_oak_sign.json"},{"selected":true,"assetId":"minecraft:dark_oak_slab","value":"data/minecraft/loot_tables/blocks/dark_oak_slab.json"},{"selected":true,"assetId":"minecraft:dark_oak_stairs","value":"data/minecraft/loot_tables/blocks/dark_oak_stairs.json"},{"selected":true,"assetId":"minecraft:dark_oak_trapdoor","value":"data/minecraft/loot_tables/blocks/dark_oak_trapdoor.json"},{"selected":true,"assetId":"minecraft:dark_oak_wood","value":"data/minecraft/loot_tables/blocks/dark_oak_wood.json"},{"selected":true,"assetId":"minecraft:dark_prismarine","value":"data/minecraft/loot_tables/blocks/dark_prismarine.json"},{"selected":true,"assetId":"minecraft:dark_prismarine_slab","value":"data/minecraft/loot_tables/blocks/dark_prismarine_slab.json"},{"selected":true,"assetId":"minecraft:dark_prismarine_stairs","value":"data/minecraft/loot_tables/blocks/dark_prismarine_stairs.json"},{"selected":true,"assetId":"minecraft:daylight_detector","value":"data/minecraft/loot_tables/blocks/daylight_detector.json"},{"selected":true,"assetId":"minecraft:dead_brain_coral","value":"data/minecraft/loot_tables/blocks/dead_brain_coral.json"},{"selected":true,"assetId":"minecraft:dead_brain_coral_block","value":"data/minecraft/loot_tables/blocks/dead_brain_coral_block.json"},{"selected":true,"assetId":"minecraft:dead_brain_coral_fan","value":"data/minecraft/loot_tables/blocks/dead_brain_coral_fan.json"},{"selected":true,"assetId":"minecraft:dead_bubble_coral","value":"data/minecraft/loot_tables/blocks/dead_bubble_coral.json"},{"selected":true,"assetId":"minecraft:dead_bubble_coral_block","value":"data/minecraft/loot_tables/blocks/dead_bubble_coral_block.json"},{"selected":true,"assetId":"minecraft:dead_bubble_coral_fan","value":"data/minecraft/loot_tables/blocks/dead_bubble_coral_fan.json"},{"selected":true,"assetId":"minecraft:dead_bush","value":"data/minecraft/loot_tables/blocks/dead_bush.json"},{"selected":true,"assetId":"minecraft:dead_fire_coral","value":"data/minecraft/loot_tables/blocks/dead_fire_coral.json"},{"selected":true,"assetId":"minecraft:dead_fire_coral_block","value":"data/minecraft/loot_tables/blocks/dead_fire_coral_block.json"},{"selected":true,"assetId":"minecraft:dead_fire_coral_fan","value":"data/minecraft/loot_tables/blocks/dead_fire_coral_fan.json"},{"selected":true,"assetId":"minecraft:dead_horn_coral","value":"data/minecraft/loot_tables/blocks/dead_horn_coral.json"},{"selected":true,"assetId":"minecraft:dead_horn_coral_block","value":"data/minecraft/loot_tables/blocks/dead_horn_coral_block.json"},{"selected":true,"assetId":"minecraft:dead_horn_coral_fan","value":"data/minecraft/loot_tables/blocks/dead_horn_coral_fan.json"},{"selected":true,"assetId":"minecraft:dead_tube_coral","value":"data/minecraft/loot_tables/blocks/dead_tube_coral.json"},{"selected":true,"assetId":"minecraft:dead_tube_coral_block","value":"data/minecraft/loot_tables/blocks/dead_tube_coral_block.json"},{"selected":true,"assetId":"minecraft:dead_tube_coral_fan","value":"data/minecraft/loot_tables/blocks/dead_tube_coral_fan.json"},{"selected":true,"assetId":"minecraft:detector_rail","value":"data/minecraft/loot_tables/blocks/detector_rail.json"},{"selected":true,"assetId":"minecraft:diamond_block","value":"data/minecraft/loot_tables/blocks/diamond_block.json"},{"selected":true,"assetId":"minecraft:diamond_ore","value":"data/minecraft/loot_tables/blocks/diamond_ore.json"},{"selected":true,"assetId":"minecraft:diorite","value":"data/minecraft/loot_tables/blocks/diorite.json"},{"selected":true,"assetId":"minecraft:diorite_slab","value":"data/minecraft/loot_tables/blocks/diorite_slab.json"},{"selected":true,"assetId":"minecraft:diorite_stairs","value":"data/minecraft/loot_tables/blocks/diorite_stairs.json"},{"selected":true,"assetId":"minecraft:diorite_wall","value":"data/minecraft/loot_tables/blocks/diorite_wall.json"},{"selected":true,"assetId":"minecraft:dirt","value":"data/minecraft/loot_tables/blocks/dirt.json"},{"selected":true,"assetId":"minecraft:dispenser","value":"data/minecraft/loot_tables/blocks/dispenser.json"},{"selected":true,"assetId":"minecraft:dragon_egg","value":"data/minecraft/loot_tables/blocks/dragon_egg.json"},{"selected":true,"assetId":"minecraft:dragon_head","value":"data/minecraft/loot_tables/blocks/dragon_head.json"},{"selected":true,"assetId":"minecraft:dried_kelp_block","value":"data/minecraft/loot_tables/blocks/dried_kelp_block.json"},{"selected":true,"assetId":"minecraft:dropper","value":"data/minecraft/loot_tables/blocks/dropper.json"},{"selected":true,"assetId":"minecraft:emerald_block","value":"data/minecraft/loot_tables/blocks/emerald_block.json"},{"selected":true,"assetId":"minecraft:emerald_ore","value":"data/minecraft/loot_tables/blocks/emerald_ore.json"},{"selected":true,"assetId":"minecraft:enchanting_table","value":"data/minecraft/loot_tables/blocks/enchanting_table.json"},{"selected":true,"assetId":"minecraft:end_rod","value":"data/minecraft/loot_tables/blocks/end_rod.json"},{"selected":true,"assetId":"minecraft:end_stone","value":"data/minecraft/loot_tables/blocks/end_stone.json"},{"selected":true,"assetId":"minecraft:end_stone_brick_slab","value":"data/minecraft/loot_tables/blocks/end_stone_brick_slab.json"},{"selected":true,"assetId":"minecraft:end_stone_brick_stairs","value":"data/minecraft/loot_tables/blocks/end_stone_brick_stairs.json"},{"selected":true,"assetId":"minecraft:end_stone_brick_wall","value":"data/minecraft/loot_tables/blocks/end_stone_brick_wall.json"},{"selected":true,"assetId":"minecraft:end_stone_bricks","value":"data/minecraft/loot_tables/blocks/end_stone_bricks.json"},{"selected":true,"assetId":"minecraft:ender_chest","value":"data/minecraft/loot_tables/blocks/ender_chest.json"},{"selected":true,"assetId":"minecraft:farmland","value":"data/minecraft/loot_tables/blocks/farmland.json"},{"selected":true,"assetId":"minecraft:fern","value":"data/minecraft/loot_tables/blocks/fern.json"},{"selected":true,"assetId":"minecraft:fire_coral","value":"data/minecraft/loot_tables/blocks/fire_coral.json"},{"selected":true,"assetId":"minecraft:fire_coral_block","value":"data/minecraft/loot_tables/blocks/fire_coral_block.json"},{"selected":true,"assetId":"minecraft:fire_coral_fan","value":"data/minecraft/loot_tables/blocks/fire_coral_fan.json"},{"selected":true,"assetId":"minecraft:fletching_table","value":"data/minecraft/loot_tables/blocks/fletching_table.json"},{"selected":true,"assetId":"minecraft:flower_pot","value":"data/minecraft/loot_tables/blocks/flower_pot.json"},{"selected":true,"assetId":"minecraft:frosted_ice","value":"data/minecraft/loot_tables/blocks/frosted_ice.json"},{"selected":true,"assetId":"minecraft:furnace","value":"data/minecraft/loot_tables/blocks/furnace.json"},{"selected":true,"assetId":"minecraft:glass","value":"data/minecraft/loot_tables/blocks/glass.json"},{"selected":true,"assetId":"minecraft:glass_pane","value":"data/minecraft/loot_tables/blocks/glass_pane.json"},{"selected":true,"assetId":"minecraft:glowstone","value":"data/minecraft/loot_tables/blocks/glowstone.json"},{"selected":true,"assetId":"minecraft:gold_block","value":"data/minecraft/loot_tables/blocks/gold_block.json"},{"selected":true,"assetId":"minecraft:gold_ore","value":"data/minecraft/loot_tables/blocks/gold_ore.json"},{"selected":true,"assetId":"minecraft:granite","value":"data/minecraft/loot_tables/blocks/granite.json"},{"selected":true,"assetId":"minecraft:granite_slab","value":"data/minecraft/loot_tables/blocks/granite_slab.json"},{"selected":true,"assetId":"minecraft:granite_stairs","value":"data/minecraft/loot_tables/blocks/granite_stairs.json"},{"selected":true,"assetId":"minecraft:granite_wall","value":"data/minecraft/loot_tables/blocks/granite_wall.json"},{"selected":true,"assetId":"minecraft:grass","value":"data/minecraft/loot_tables/blocks/grass.json"},{"selected":true,"assetId":"minecraft:grass_block","value":"data/minecraft/loot_tables/blocks/grass_block.json"},{"selected":true,"assetId":"minecraft:grass_path","value":"data/minecraft/loot_tables/blocks/grass_path.json"},{"selected":true,"assetId":"minecraft:gravel","value":"data/minecraft/loot_tables/blocks/gravel.json"},{"selected":true,"assetId":"minecraft:gray_banner","value":"data/minecraft/loot_tables/blocks/gray_banner.json"},{"selected":true,"assetId":"minecraft:gray_bed","value":"data/minecraft/loot_tables/blocks/gray_bed.json"},{"selected":true,"assetId":"minecraft:gray_carpet","value":"data/minecraft/loot_tables/blocks/gray_carpet.json"},{"selected":true,"assetId":"minecraft:gray_concrete","value":"data/minecraft/loot_tables/blocks/gray_concrete.json"},{"selected":true,"assetId":"minecraft:gray_concrete_powder","value":"data/minecraft/loot_tables/blocks/gray_concrete_powder.json"},{"selected":true,"assetId":"minecraft:gray_glazed_terracotta","value":"data/minecraft/loot_tables/blocks/gray_glazed_terracotta.json"},{"selected":false,"assetId":"minecraft:gray_shulker_box","value":"data/minecraft/loot_tables/blocks/gray_shulker_box.json"},{"selected":true,"assetId":"minecraft:gray_stained_glass","value":"data/minecraft/loot_tables/blocks/gray_stained_glass.json"},{"selected":true,"assetId":"minecraft:gray_stained_glass_pane","value":"data/minecraft/loot_tables/blocks/gray_stained_glass_pane.json"},{"selected":true,"assetId":"minecraft:gray_terracotta","value":"data/minecraft/loot_tables/blocks/gray_terracotta.json"},{"selected":true,"assetId":"minecraft:gray_wool","value":"data/minecraft/loot_tables/blocks/gray_wool.json"},{"selected":true,"assetId":"minecraft:green_banner","value":"data/minecraft/loot_tables/blocks/green_banner.json"},{"selected":true,"assetId":"minecraft:green_bed","value":"data/minecraft/loot_tables/blocks/green_bed.json"},{"selected":true,"assetId":"minecraft:green_carpet","value":"data/minecraft/loot_tables/blocks/green_carpet.json"},{"selected":true,"assetId":"minecraft:green_concrete","value":"data/minecraft/loot_tables/blocks/green_concrete.json"},{"selected":true,"assetId":"minecraft:green_concrete_powder","value":"data/minecraft/loot_tables/blocks/green_concrete_powder.json"},{"selected":true,"assetId":"minecraft:green_glazed_terracotta","value":"data/minecraft/loot_tables/blocks/green_glazed_terracotta.json"},{"selected":false,"assetId":"minecraft:green_shulker_box","value":"data/minecraft/loot_tables/blocks/green_shulker_box.json"},{"selected":true,"assetId":"minecraft:green_stained_glass","value":"data/minecraft/loot_tables/blocks/green_stained_glass.json"},{"selected":true,"assetId":"minecraft:green_stained_glass_pane","value":"data/minecraft/loot_tables/blocks/green_stained_glass_pane.json"},{"selected":true,"assetId":"minecraft:green_terracotta","value":"data/minecraft/loot_tables/blocks/green_terracotta.json"},{"selected":true,"assetId":"minecraft:green_wool","value":"data/minecraft/loot_tables/blocks/green_wool.json"},{"selected":true,"assetId":"minecraft:grindstone","value":"data/minecraft/loot_tables/blocks/grindstone.json"},{"selected":true,"assetId":"minecraft:hay_block","value":"data/minecraft/loot_tables/blocks/hay_block.json"},{"selected":true,"assetId":"minecraft:heavy_weighted_pressure_plate","value":"data/minecraft/loot_tables/blocks/heavy_weighted_pressure_plate.json"},{"selected":true,"assetId":"minecraft:honey_block","value":"data/minecraft/loot_tables/blocks/honey_block.json"},{"selected":true,"assetId":"minecraft:honeycomb_block","value":"data/minecraft/loot_tables/blocks/honeycomb_block.json"},{"selected":true,"assetId":"minecraft:hopper","value":"data/minecraft/loot_tables/blocks/hopper.json"},{"selected":true,"assetId":"minecraft:horn_coral","value":"data/minecraft/loot_tables/blocks/horn_coral.json"},{"selected":true,"assetId":"minecraft:horn_coral_block","value":"data/minecraft/loot_tables/blocks/horn_coral_block.json"},{"selected":true,"assetId":"minecraft:horn_coral_fan","value":"data/minecraft/loot_tables/blocks/horn_coral_fan.json"},{"selected":true,"assetId":"minecraft:ice","value":"data/minecraft/loot_tables/blocks/ice.json"},{"selected":true,"assetId":"minecraft:infested_chiseled_stone_bricks","value":"data/minecraft/loot_tables/blocks/infested_chiseled_stone_bricks.json"},{"selected":true,"assetId":"minecraft:infested_cobblestone","value":"data/minecraft/loot_tables/blocks/infested_cobblestone.json"},{"selected":true,"assetId":"minecraft:infested_cracked_stone_bricks","value":"data/minecraft/loot_tables/blocks/infested_cracked_stone_bricks.json"},{"selected":true,"assetId":"minecraft:infested_mossy_stone_bricks","value":"data/minecraft/loot_tables/blocks/infested_mossy_stone_bricks.json"},{"selected":true,"assetId":"minecraft:infested_stone","value":"data/minecraft/loot_tables/blocks/infested_stone.json"},{"selected":true,"assetId":"minecraft:infested_stone_bricks","value":"data/minecraft/loot_tables/blocks/infested_stone_bricks.json"},{"selected":true,"assetId":"minecraft:iron_bars","value":"data/minecraft/loot_tables/blocks/iron_bars.json"},{"selected":true,"assetId":"minecraft:iron_block","value":"data/minecraft/loot_tables/blocks/iron_block.json"},{"selected":true,"assetId":"minecraft:iron_door","value":"data/minecraft/loot_tables/blocks/iron_door.json"},{"selected":true,"assetId":"minecraft:iron_ore","value":"data/minecraft/loot_tables/blocks/iron_ore.json"},{"selected":true,"assetId":"minecraft:iron_trapdoor","value":"data/minecraft/loot_tables/blocks/iron_trapdoor.json"},{"selected":true,"assetId":"minecraft:jack_o_lantern","value":"data/minecraft/loot_tables/blocks/jack_o_lantern.json"},{"selected":true,"assetId":"minecraft:jukebox","value":"data/minecraft/loot_tables/blocks/jukebox.json"},{"selected":true,"assetId":"minecraft:jungle_button","value":"data/minecraft/loot_tables/blocks/jungle_button.json"},{"selected":true,"assetId":"minecraft:jungle_door","value":"data/minecraft/loot_tables/blocks/jungle_door.json"},{"selected":true,"assetId":"minecraft:jungle_fence","value":"data/minecraft/loot_tables/blocks/jungle_fence.json"},{"selected":true,"assetId":"minecraft:jungle_fence_gate","value":"data/minecraft/loot_tables/blocks/jungle_fence_gate.json"},{"selected":true,"assetId":"minecraft:jungle_leaves","value":"data/minecraft/loot_tables/blocks/jungle_leaves.json"},{"selected":true,"assetId":"minecraft:jungle_log","value":"data/minecraft/loot_tables/blocks/jungle_log.json"},{"selected":true,"assetId":"minecraft:jungle_planks","value":"data/minecraft/loot_tables/blocks/jungle_planks.json"},{"selected":true,"assetId":"minecraft:jungle_pressure_plate","value":"data/minecraft/loot_tables/blocks/jungle_pressure_plate.json"},{"selected":true,"assetId":"minecraft:jungle_sapling","value":"data/minecraft/loot_tables/blocks/jungle_sapling.json"},{"selected":true,"assetId":"minecraft:jungle_sign","value":"data/minecraft/loot_tables/blocks/jungle_sign.json"},{"selected":true,"assetId":"minecraft:jungle_slab","value":"data/minecraft/loot_tables/blocks/jungle_slab.json"},{"selected":true,"assetId":"minecraft:jungle_stairs","value":"data/minecraft/loot_tables/blocks/jungle_stairs.json"},{"selected":true,"assetId":"minecraft:jungle_trapdoor","value":"data/minecraft/loot_tables/blocks/jungle_trapdoor.json"},{"selected":true,"assetId":"minecraft:jungle_wood","value":"data/minecraft/loot_tables/blocks/jungle_wood.json"},{"selected":true,"assetId":"minecraft:kelp","value":"data/minecraft/loot_tables/blocks/kelp.json"},{"selected":true,"assetId":"minecraft:kelp_plant","value":"data/minecraft/loot_tables/blocks/kelp_plant.json"},{"selected":true,"assetId":"minecraft:ladder","value":"data/minecraft/loot_tables/blocks/ladder.json"},{"selected":true,"assetId":"minecraft:lantern","value":"data/minecraft/loot_tables/blocks/lantern.json"},{"selected":true,"assetId":"minecraft:lapis_block","value":"data/minecraft/loot_tables/blocks/lapis_block.json"},{"selected":true,"assetId":"minecraft:lapis_ore","value":"data/minecraft/loot_tables/blocks/lapis_ore.json"},{"selected":true,"assetId":"minecraft:large_fern","value":"data/minecraft/loot_tables/blocks/large_fern.json"},{"selected":true,"assetId":"minecraft:lectern","value":"data/minecraft/loot_tables/blocks/lectern.json"},{"selected":true,"assetId":"minecraft:lever","value":"data/minecraft/loot_tables/blocks/lever.json"},{"selected":true,"assetId":"minecraft:light_blue_banner","value":"data/minecraft/loot_tables/blocks/light_blue_banner.json"},{"selected":true,"assetId":"minecraft:light_blue_bed","value":"data/minecraft/loot_tables/blocks/light_blue_bed.json"},{"selected":true,"assetId":"minecraft:light_blue_carpet","value":"data/minecraft/loot_tables/blocks/light_blue_carpet.json"},{"selected":true,"assetId":"minecraft:light_blue_concrete","value":"data/minecraft/loot_tables/blocks/light_blue_concrete.json"},{"selected":true,"assetId":"minecraft:light_blue_concrete_powder","value":"data/minecraft/loot_tables/blocks/light_blue_concrete_powder.json"},{"selected":true,"assetId":"minecraft:light_blue_glazed_terracotta","value":"data/minecraft/loot_tables/blocks/light_blue_glazed_terracotta.json"},{"selected":false,"assetId":"minecraft:light_blue_shulker_box","value":"data/minecraft/loot_tables/blocks/light_blue_shulker_box.json"},{"selected":true,"assetId":"minecraft:light_blue_stained_glass","value":"data/minecraft/loot_tables/blocks/light_blue_stained_glass.json"},{"selected":true,"assetId":"minecraft:light_blue_stained_glass_pane","value":"data/minecraft/loot_tables/blocks/light_blue_stained_glass_pane.json"},{"selected":true,"assetId":"minecraft:light_blue_terracotta","value":"data/minecraft/loot_tables/blocks/light_blue_terracotta.json"},{"selected":true,"assetId":"minecraft:light_blue_wool","value":"data/minecraft/loot_tables/blocks/light_blue_wool.json"},{"selected":true,"assetId":"minecraft:light_gray_banner","value":"data/minecraft/loot_tables/blocks/light_gray_banner.json"},{"selected":true,"assetId":"minecraft:light_gray_bed","value":"data/minecraft/loot_tables/blocks/light_gray_bed.json"},{"selected":true,"assetId":"minecraft:light_gray_carpet","value":"data/minecraft/loot_tables/blocks/light_gray_carpet.json"},{"selected":true,"assetId":"minecraft:light_gray_concrete","value":"data/minecraft/loot_tables/blocks/light_gray_concrete.json"},{"selected":true,"assetId":"minecraft:light_gray_concrete_powder","value":"data/minecraft/loot_tables/blocks/light_gray_concrete_powder.json"},{"selected":true,"assetId":"minecraft:light_gray_glazed_terracotta","value":"data/minecraft/loot_tables/blocks/light_gray_glazed_terracotta.json"},{"selected":false,"assetId":"minecraft:light_gray_shulker_box","value":"data/minecraft/loot_tables/blocks/light_gray_shulker_box.json"},{"selected":true,"assetId":"minecraft:light_gray_stained_glass","value":"data/minecraft/loot_tables/blocks/light_gray_stained_glass.json"},{"selected":true,"assetId":"minecraft:light_gray_stained_glass_pane","value":"data/minecraft/loot_tables/blocks/light_gray_stained_glass_pane.json"},{"selected":true,"assetId":"minecraft:light_gray_terracotta","value":"data/minecraft/loot_tables/blocks/light_gray_terracotta.json"},{"selected":true,"assetId":"minecraft:light_gray_wool","value":"data/minecraft/loot_tables/blocks/light_gray_wool.json"},{"selected":true,"assetId":"minecraft:light_weighted_pressure_plate","value":"data/minecraft/loot_tables/blocks/light_weighted_pressure_plate.json"},{"selected":true,"assetId":"minecraft:lilac","value":"data/minecraft/loot_tables/blocks/lilac.json"},{"selected":true,"assetId":"minecraft:lily_of_the_valley","value":"data/minecraft/loot_tables/blocks/lily_of_the_valley.json"},{"selected":true,"assetId":"minecraft:lily_pad","value":"data/minecraft/loot_tables/blocks/lily_pad.json"},{"selected":true,"assetId":"minecraft:lime_banner","value":"data/minecraft/loot_tables/blocks/lime_banner.json"},{"selected":true,"assetId":"minecraft:lime_bed","value":"data/minecraft/loot_tables/blocks/lime_bed.json"},{"selected":true,"assetId":"minecraft:lime_carpet","value":"data/minecraft/loot_tables/blocks/lime_carpet.json"},{"selected":true,"assetId":"minecraft:lime_concrete","value":"data/minecraft/loot_tables/blocks/lime_concrete.json"},{"selected":true,"assetId":"minecraft:lime_concrete_powder","value":"data/minecraft/loot_tables/blocks/lime_concrete_powder.json"},{"selected":true,"assetId":"minecraft:lime_glazed_terracotta","value":"data/minecraft/loot_tables/blocks/lime_glazed_terracotta.json"},{"selected":false,"assetId":"minecraft:lime_shulker_box","value":"data/minecraft/loot_tables/blocks/lime_shulker_box.json"},{"selected":true,"assetId":"minecraft:lime_stained_glass","value":"data/minecraft/loot_tables/blocks/lime_stained_glass.json"},{"selected":true,"assetId":"minecraft:lime_stained_glass_pane","value":"data/minecraft/loot_tables/blocks/lime_stained_glass_pane.json"},{"selected":true,"assetId":"minecraft:lime_terracotta","value":"data/minecraft/loot_tables/blocks/lime_terracotta.json"},{"selected":true,"assetId":"minecraft:lime_wool","value":"data/minecraft/loot_tables/blocks/lime_wool.json"},{"selected":true,"assetId":"minecraft:loom","value":"data/minecraft/loot_tables/blocks/loom.json"},{"selected":true,"assetId":"minecraft:magenta_banner","value":"data/minecraft/loot_tables/blocks/magenta_banner.json"},{"selected":true,"assetId":"minecraft:magenta_bed","value":"data/minecraft/loot_tables/blocks/magenta_bed.json"},{"selected":true,"assetId":"minecraft:magenta_carpet","value":"data/minecraft/loot_tables/blocks/magenta_carpet.json"},{"selected":true,"assetId":"minecraft:magenta_concrete","value":"data/minecraft/loot_tables/blocks/magenta_concrete.json"},{"selected":true,"assetId":"minecraft:magenta_concrete_powder","value":"data/minecraft/loot_tables/blocks/magenta_concrete_powder.json"},{"selected":true,"assetId":"minecraft:magenta_glazed_terracotta","value":"data/minecraft/loot_tables/blocks/magenta_glazed_terracotta.json"},{"selected":false,"assetId":"minecraft:magenta_shulker_box","value":"data/minecraft/loot_tables/blocks/magenta_shulker_box.json"},{"selected":true,"assetId":"minecraft:magenta_stained_glass","value":"data/minecraft/loot_tables/blocks/magenta_stained_glass.json"},{"selected":true,"assetId":"minecraft:magenta_stained_glass_pane","value":"data/minecraft/loot_tables/blocks/magenta_stained_glass_pane.json"},{"selected":true,"assetId":"minecraft:magenta_terracotta","value":"data/minecraft/loot_tables/blocks/magenta_terracotta.json"},{"selected":true,"assetId":"minecraft:magenta_wool","value":"data/minecraft/loot_tables/blocks/magenta_wool.json"},{"selected":true,"assetId":"minecraft:magma_block","value":"data/minecraft/loot_tables/blocks/magma_block.json"},{"selected":true,"assetId":"minecraft:melon","value":"data/minecraft/loot_tables/blocks/melon.json"},{"selected":true,"assetId":"minecraft:melon_stem","value":"data/minecraft/loot_tables/blocks/melon_stem.json"},{"selected":true,"assetId":"minecraft:mossy_cobblestone","value":"data/minecraft/loot_tables/blocks/mossy_cobblestone.json"},{"selected":true,"assetId":"minecraft:mossy_cobblestone_slab","value":"data/minecraft/loot_tables/blocks/mossy_cobblestone_slab.json"},{"selected":true,"assetId":"minecraft:mossy_cobblestone_stairs","value":"data/minecraft/loot_tables/blocks/mossy_cobblestone_stairs.json"},{"selected":true,"assetId":"minecraft:mossy_cobblestone_wall","value":"data/minecraft/loot_tables/blocks/mossy_cobblestone_wall.json"},{"selected":true,"assetId":"minecraft:mossy_stone_brick_slab","value":"data/minecraft/loot_tables/blocks/mossy_stone_brick_slab.json"},{"selected":true,"assetId":"minecraft:mossy_stone_brick_stairs","value":"data/minecraft/loot_tables/blocks/mossy_stone_brick_stairs.json"},{"selected":true,"assetId":"minecraft:mossy_stone_brick_wall","value":"data/minecraft/loot_tables/blocks/mossy_stone_brick_wall.json"},{"selected":true,"assetId":"minecraft:mossy_stone_bricks","value":"data/minecraft/loot_tables/blocks/mossy_stone_bricks.json"},{"selected":true,"assetId":"minecraft:mushroom_stem","value":"data/minecraft/loot_tables/blocks/mushroom_stem.json"},{"selected":true,"assetId":"minecraft:mycelium","value":"data/minecraft/loot_tables/blocks/mycelium.json"},{"selected":true,"assetId":"minecraft:nether_brick_fence","value":"data/minecraft/loot_tables/blocks/nether_brick_fence.json"},{"selected":true,"assetId":"minecraft:nether_brick_slab","value":"data/minecraft/loot_tables/blocks/nether_brick_slab.json"},{"selected":true,"assetId":"minecraft:nether_brick_stairs","value":"data/minecraft/loot_tables/blocks/nether_brick_stairs.json"},{"selected":true,"assetId":"minecraft:nether_brick_wall","value":"data/minecraft/loot_tables/blocks/nether_brick_wall.json"},{"selected":true,"assetId":"minecraft:nether_bricks","value":"data/minecraft/loot_tables/blocks/nether_bricks.json"},{"selected":true,"assetId":"minecraft:nether_quartz_ore","value":"data/minecraft/loot_tables/blocks/nether_quartz_ore.json"},{"selected":true,"assetId":"minecraft:nether_wart","value":"data/minecraft/loot_tables/blocks/nether_wart.json"},{"selected":true,"assetId":"minecraft:nether_wart_block","value":"data/minecraft/loot_tables/blocks/nether_wart_block.json"},{"selected":true,"assetId":"minecraft:netherrack","value":"data/minecraft/loot_tables/blocks/netherrack.json"},{"selected":true,"assetId":"minecraft:note_block","value":"data/minecraft/loot_tables/blocks/note_block.json"},{"selected":true,"assetId":"minecraft:oak_button","value":"data/minecraft/loot_tables/blocks/oak_button.json"},{"selected":true,"assetId":"minecraft:oak_door","value":"data/minecraft/loot_tables/blocks/oak_door.json"},{"selected":true,"assetId":"minecraft:oak_fence","value":"data/minecraft/loot_tables/blocks/oak_fence.json"},{"selected":true,"assetId":"minecraft:oak_fence_gate","value":"data/minecraft/loot_tables/blocks/oak_fence_gate.json"},{"selected":true,"assetId":"minecraft:oak_leaves","value":"data/minecraft/loot_tables/blocks/oak_leaves.json"},{"selected":true,"assetId":"minecraft:oak_log","value":"data/minecraft/loot_tables/blocks/oak_log.json"},{"selected":true,"assetId":"minecraft:oak_planks","value":"data/minecraft/loot_tables/blocks/oak_planks.json"},{"selected":true,"assetId":"minecraft:oak_pressure_plate","value":"data/minecraft/loot_tables/blocks/oak_pressure_plate.json"},{"selected":true,"assetId":"minecraft:oak_sapling","value":"data/minecraft/loot_tables/blocks/oak_sapling.json"},{"selected":true,"assetId":"minecraft:oak_sign","value":"data/minecraft/loot_tables/blocks/oak_sign.json"},{"selected":true,"assetId":"minecraft:oak_slab","value":"data/minecraft/loot_tables/blocks/oak_slab.json"},{"selected":true,"assetId":"minecraft:oak_stairs","value":"data/minecraft/loot_tables/blocks/oak_stairs.json"},{"selected":true,"assetId":"minecraft:oak_trapdoor","value":"data/minecraft/loot_tables/blocks/oak_trapdoor.json"},{"selected":true,"assetId":"minecraft:oak_wood","value":"data/minecraft/loot_tables/blocks/oak_wood.json"},{"selected":true,"assetId":"minecraft:observer","value":"data/minecraft/loot_tables/blocks/observer.json"},{"selected":true,"assetId":"minecraft:obsidian","value":"data/minecraft/loot_tables/blocks/obsidian.json"},{"selected":true,"assetId":"minecraft:orange_banner","value":"data/minecraft/loot_tables/blocks/orange_banner.json"},{"selected":true,"assetId":"minecraft:orange_bed","value":"data/minecraft/loot_tables/blocks/orange_bed.json"},{"selected":true,"assetId":"minecraft:orange_carpet","value":"data/minecraft/loot_tables/blocks/orange_carpet.json"},{"selected":true,"assetId":"minecraft:orange_concrete","value":"data/minecraft/loot_tables/blocks/orange_concrete.json"},{"selected":true,"assetId":"minecraft:orange_concrete_powder","value":"data/minecraft/loot_tables/blocks/orange_concrete_powder.json"},{"selected":true,"assetId":"minecraft:orange_glazed_terracotta","value":"data/minecraft/loot_tables/blocks/orange_glazed_terracotta.json"},{"selected":false,"assetId":"minecraft:orange_shulker_box","value":"data/minecraft/loot_tables/blocks/orange_shulker_box.json"},{"selected":true,"assetId":"minecraft:orange_stained_glass","value":"data/minecraft/loot_tables/blocks/orange_stained_glass.json"},{"selected":true,"assetId":"minecraft:orange_stained_glass_pane","value":"data/minecraft/loot_tables/blocks/orange_stained_glass_pane.json"},{"selected":true,"assetId":"minecraft:orange_terracotta","value":"data/minecraft/loot_tables/blocks/orange_terracotta.json"},{"selected":true,"assetId":"minecraft:orange_tulip","value":"data/minecraft/loot_tables/blocks/orange_tulip.json"},{"selected":true,"assetId":"minecraft:orange_wool","value":"data/minecraft/loot_tables/blocks/orange_wool.json"},{"selected":true,"assetId":"minecraft:oxeye_daisy","value":"data/minecraft/loot_tables/blocks/oxeye_daisy.json"},{"selected":true,"assetId":"minecraft:packed_ice","value":"data/minecraft/loot_tables/blocks/packed_ice.json"},{"selected":true,"assetId":"minecraft:peony","value":"data/minecraft/loot_tables/blocks/peony.json"},{"selected":true,"assetId":"minecraft:petrified_oak_slab","value":"data/minecraft/loot_tables/blocks/petrified_oak_slab.json"},{"selected":true,"assetId":"minecraft:pink_banner","value":"data/minecraft/loot_tables/blocks/pink_banner.json"},{"selected":true,"assetId":"minecraft:pink_bed","value":"data/minecraft/loot_tables/blocks/pink_bed.json"},{"selected":true,"assetId":"minecraft:pink_carpet","value":"data/minecraft/loot_tables/blocks/pink_carpet.json"},{"selected":true,"assetId":"minecraft:pink_concrete","value":"data/minecraft/loot_tables/blocks/pink_concrete.json"},{"selected":true,"assetId":"minecraft:pink_concrete_powder","value":"data/minecraft/loot_tables/blocks/pink_concrete_powder.json"},{"selected":true,"assetId":"minecraft:pink_glazed_terracotta","value":"data/minecraft/loot_tables/blocks/pink_glazed_terracotta.json"},{"selected":false,"assetId":"minecraft:pink_shulker_box","value":"data/minecraft/loot_tables/blocks/pink_shulker_box.json"},{"selected":true,"assetId":"minecraft:pink_stained_glass","value":"data/minecraft/loot_tables/blocks/pink_stained_glass.json"},{"selected":true,"assetId":"minecraft:pink_stained_glass_pane","value":"data/minecraft/loot_tables/blocks/pink_stained_glass_pane.json"},{"selected":true,"assetId":"minecraft:pink_terracotta","value":"data/minecraft/loot_tables/blocks/pink_terracotta.json"},{"selected":true,"assetId":"minecraft:pink_tulip","value":"data/minecraft/loot_tables/blocks/pink_tulip.json"},{"selected":true,"assetId":"minecraft:pink_wool","value":"data/minecraft/loot_tables/blocks/pink_wool.json"},{"selected":true,"assetId":"minecraft:piston","value":"data/minecraft/loot_tables/blocks/piston.json"},{"selected":true,"assetId":"minecraft:player_head","value":"data/minecraft/loot_tables/blocks/player_head.json"},{"selected":true,"assetId":"minecraft:podzol","value":"data/minecraft/loot_tables/blocks/podzol.json"},{"selected":true,"assetId":"minecraft:polished_andesite","value":"data/minecraft/loot_tables/blocks/polished_andesite.json"},{"selected":true,"assetId":"minecraft:polished_andesite_slab","value":"data/minecraft/loot_tables/blocks/polished_andesite_slab.json"},{"selected":true,"assetId":"minecraft:polished_andesite_stairs","value":"data/minecraft/loot_tables/blocks/polished_andesite_stairs.json"},{"selected":true,"assetId":"minecraft:polished_diorite","value":"data/minecraft/loot_tables/blocks/polished_diorite.json"},{"selected":true,"assetId":"minecraft:polished_diorite_slab","value":"data/minecraft/loot_tables/blocks/polished_diorite_slab.json"},{"selected":true,"assetId":"minecraft:polished_diorite_stairs","value":"data/minecraft/loot_tables/blocks/polished_diorite_stairs.json"},{"selected":true,"assetId":"minecraft:polished_granite","value":"data/minecraft/loot_tables/blocks/polished_granite.json"},{"selected":true,"assetId":"minecraft:polished_granite_slab","value":"data/minecraft/loot_tables/blocks/polished_granite_slab.json"},{"selected":true,"assetId":"minecraft:polished_granite_stairs","value":"data/minecraft/loot_tables/blocks/polished_granite_stairs.json"},{"selected":true,"assetId":"minecraft:poppy","value":"data/minecraft/loot_tables/blocks/poppy.json"},{"selected":true,"assetId":"minecraft:potatoes","value":"data/minecraft/loot_tables/blocks/potatoes.json"},{"selected":true,"assetId":"minecraft:potted_acacia_sapling","value":"data/minecraft/loot_tables/blocks/potted_acacia_sapling.json"},{"selected":true,"assetId":"minecraft:potted_allium","value":"data/minecraft/loot_tables/blocks/potted_allium.json"},{"selected":true,"assetId":"minecraft:potted_azure_bluet","value":"data/minecraft/loot_tables/blocks/potted_azure_bluet.json"},{"selected":true,"assetId":"minecraft:potted_bamboo","value":"data/minecraft/loot_tables/blocks/potted_bamboo.json"},{"selected":true,"assetId":"minecraft:potted_birch_sapling","value":"data/minecraft/loot_tables/blocks/potted_birch_sapling.json"},{"selected":true,"assetId":"minecraft:potted_blue_orchid","value":"data/minecraft/loot_tables/blocks/potted_blue_orchid.json"},{"selected":true,"assetId":"minecraft:potted_brown_mushroom","value":"data/minecraft/loot_tables/blocks/potted_brown_mushroom.json"},{"selected":true,"assetId":"minecraft:potted_cactus","value":"data/minecraft/loot_tables/blocks/potted_cactus.json"},{"selected":true,"assetId":"minecraft:potted_cornflower","value":"data/minecraft/loot_tables/blocks/potted_cornflower.json"},{"selected":true,"assetId":"minecraft:potted_dandelion","value":"data/minecraft/loot_tables/blocks/potted_dandelion.json"},{"selected":true,"assetId":"minecraft:potted_dark_oak_sapling","value":"data/minecraft/loot_tables/blocks/potted_dark_oak_sapling.json"},{"selected":true,"assetId":"minecraft:potted_dead_bush","value":"data/minecraft/loot_tables/blocks/potted_dead_bush.json"},{"selected":true,"assetId":"minecraft:potted_fern","value":"data/minecraft/loot_tables/blocks/potted_fern.json"},{"selected":true,"assetId":"minecraft:potted_jungle_sapling","value":"data/minecraft/loot_tables/blocks/potted_jungle_sapling.json"},{"selected":true,"assetId":"minecraft:potted_lily_of_the_valley","value":"data/minecraft/loot_tables/blocks/potted_lily_of_the_valley.json"},{"selected":true,"assetId":"minecraft:potted_oak_sapling","value":"data/minecraft/loot_tables/blocks/potted_oak_sapling.json"},{"selected":true,"assetId":"minecraft:potted_orange_tulip","value":"data/minecraft/loot_tables/blocks/potted_orange_tulip.json"},{"selected":true,"assetId":"minecraft:potted_oxeye_daisy","value":"data/minecraft/loot_tables/blocks/potted_oxeye_daisy.json"},{"selected":true,"assetId":"minecraft:potted_pink_tulip","value":"data/minecraft/loot_tables/blocks/potted_pink_tulip.json"},{"selected":true,"assetId":"minecraft:potted_poppy","value":"data/minecraft/loot_tables/blocks/potted_poppy.json"},{"selected":true,"assetId":"minecraft:potted_red_mushroom","value":"data/minecraft/loot_tables/blocks/potted_red_mushroom.json"},{"selected":true,"assetId":"minecraft:potted_red_tulip","value":"data/minecraft/loot_tables/blocks/potted_red_tulip.json"},{"selected":true,"assetId":"minecraft:potted_spruce_sapling","value":"data/minecraft/loot_tables/blocks/potted_spruce_sapling.json"},{"selected":true,"assetId":"minecraft:potted_white_tulip","value":"data/minecraft/loot_tables/blocks/potted_white_tulip.json"},{"selected":true,"assetId":"minecraft:potted_wither_rose","value":"data/minecraft/loot_tables/blocks/potted_wither_rose.json"},{"selected":true,"assetId":"minecraft:powered_rail","value":"data/minecraft/loot_tables/blocks/powered_rail.json"},{"selected":true,"assetId":"minecraft:prismarine","value":"data/minecraft/loot_tables/blocks/prismarine.json"},{"selected":true,"assetId":"minecraft:prismarine_brick_slab","value":"data/minecraft/loot_tables/blocks/prismarine_brick_slab.json"},{"selected":true,"assetId":"minecraft:prismarine_brick_stairs","value":"data/minecraft/loot_tables/blocks/prismarine_brick_stairs.json"},{"selected":true,"assetId":"minecraft:prismarine_bricks","value":"data/minecraft/loot_tables/blocks/prismarine_bricks.json"},{"selected":true,"assetId":"minecraft:prismarine_slab","value":"data/minecraft/loot_tables/blocks/prismarine_slab.json"},{"selected":true,"assetId":"minecraft:prismarine_stairs","value":"data/minecraft/loot_tables/blocks/prismarine_stairs.json"},{"selected":true,"assetId":"minecraft:prismarine_wall","value":"data/minecraft/loot_tables/blocks/prismarine_wall.json"},{"selected":true,"assetId":"minecraft:pumpkin","value":"data/minecraft/loot_tables/blocks/pumpkin.json"},{"selected":true,"assetId":"minecraft:pumpkin_stem","value":"data/minecraft/loot_tables/blocks/pumpkin_stem.json"},{"selected":true,"assetId":"minecraft:purple_banner","value":"data/minecraft/loot_tables/blocks/purple_banner.json"},{"selected":true,"assetId":"minecraft:purple_bed","value":"data/minecraft/loot_tables/blocks/purple_bed.json"},{"selected":true,"assetId":"minecraft:purple_carpet","value":"data/minecraft/loot_tables/blocks/purple_carpet.json"},{"selected":true,"assetId":"minecraft:purple_concrete","value":"data/minecraft/loot_tables/blocks/purple_concrete.json"},{"selected":true,"assetId":"minecraft:purple_concrete_powder","value":"data/minecraft/loot_tables/blocks/purple_concrete_powder.json"},{"selected":true,"assetId":"minecraft:purple_glazed_terracotta","value":"data/minecraft/loot_tables/blocks/purple_glazed_terracotta.json"},{"selected":false,"assetId":"minecraft:purple_shulker_box","value":"data/minecraft/loot_tables/blocks/purple_shulker_box.json"},{"selected":true,"assetId":"minecraft:purple_stained_glass","value":"data/minecraft/loot_tables/blocks/purple_stained_glass.json"},{"selected":true,"assetId":"minecraft:purple_stained_glass_pane","value":"data/minecraft/loot_tables/blocks/purple_stained_glass_pane.json"},{"selected":true,"assetId":"minecraft:purple_terracotta","value":"data/minecraft/loot_tables/blocks/purple_terracotta.json"},{"selected":true,"assetId":"minecraft:purple_wool","value":"data/minecraft/loot_tables/blocks/purple_wool.json"},{"selected":true,"assetId":"minecraft:purpur_block","value":"data/minecraft/loot_tables/blocks/purpur_block.json"},{"selected":true,"assetId":"minecraft:purpur_pillar","value":"data/minecraft/loot_tables/blocks/purpur_pillar.json"},{"selected":true,"assetId":"minecraft:purpur_slab","value":"data/minecraft/loot_tables/blocks/purpur_slab.json"},{"selected":true,"assetId":"minecraft:purpur_stairs","value":"data/minecraft/loot_tables/blocks/purpur_stairs.json"},{"selected":true,"assetId":"minecraft:quartz_block","value":"data/minecraft/loot_tables/blocks/quartz_block.json"},{"selected":true,"assetId":"minecraft:quartz_pillar","value":"data/minecraft/loot_tables/blocks/quartz_pillar.json"},{"selected":true,"assetId":"minecraft:quartz_slab","value":"data/minecraft/loot_tables/blocks/quartz_slab.json"},{"selected":true,"assetId":"minecraft:quartz_stairs","value":"data/minecraft/loot_tables/blocks/quartz_stairs.json"},{"selected":true,"assetId":"minecraft:rail","value":"data/minecraft/loot_tables/blocks/rail.json"},{"selected":true,"assetId":"minecraft:red_banner","value":"data/minecraft/loot_tables/blocks/red_banner.json"},{"selected":true,"assetId":"minecraft:red_bed","value":"data/minecraft/loot_tables/blocks/red_bed.json"},{"selected":true,"assetId":"minecraft:red_carpet","value":"data/minecraft/loot_tables/blocks/red_carpet.json"},{"selected":true,"assetId":"minecraft:red_concrete","value":"data/minecraft/loot_tables/blocks/red_concrete.json"},{"selected":true,"assetId":"minecraft:red_concrete_powder","value":"data/minecraft/loot_tables/blocks/red_concrete_powder.json"},{"selected":true,"assetId":"minecraft:red_glazed_terracotta","value":"data/minecraft/loot_tables/blocks/red_glazed_terracotta.json"},{"selected":true,"assetId":"minecraft:red_mushroom","value":"data/minecraft/loot_tables/blocks/red_mushroom.json"},{"selected":true,"assetId":"minecraft:red_mushroom_block","value":"data/minecraft/loot_tables/blocks/red_mushroom_block.json"},{"selected":true,"assetId":"minecraft:red_nether_brick_slab","value":"data/minecraft/loot_tables/blocks/red_nether_brick_slab.json"},{"selected":true,"assetId":"minecraft:red_nether_brick_stairs","value":"data/minecraft/loot_tables/blocks/red_nether_brick_stairs.json"},{"selected":true,"assetId":"minecraft:red_nether_brick_wall","value":"data/minecraft/loot_tables/blocks/red_nether_brick_wall.json"},{"selected":true,"assetId":"minecraft:red_nether_bricks","value":"data/minecraft/loot_tables/blocks/red_nether_bricks.json"},{"selected":true,"assetId":"minecraft:red_sand","value":"data/minecraft/loot_tables/blocks/red_sand.json"},{"selected":true,"assetId":"minecraft:red_sandstone","value":"data/minecraft/loot_tables/blocks/red_sandstone.json"},{"selected":true,"assetId":"minecraft:red_sandstone_slab","value":"data/minecraft/loot_tables/blocks/red_sandstone_slab.json"},{"selected":true,"assetId":"minecraft:red_sandstone_stairs","value":"data/minecraft/loot_tables/blocks/red_sandstone_stairs.json"},{"selected":true,"assetId":"minecraft:red_sandstone_wall","value":"data/minecraft/loot_tables/blocks/red_sandstone_wall.json"},{"selected":false,"assetId":"minecraft:red_shulker_box","value":"data/minecraft/loot_tables/blocks/red_shulker_box.json"},{"selected":true,"assetId":"minecraft:red_stained_glass","value":"data/minecraft/loot_tables/blocks/red_stained_glass.json"},{"selected":true,"assetId":"minecraft:red_stained_glass_pane","value":"data/minecraft/loot_tables/blocks/red_stained_glass_pane.json"},{"selected":true,"assetId":"minecraft:red_terracotta","value":"data/minecraft/loot_tables/blocks/red_terracotta.json"},{"selected":true,"assetId":"minecraft:red_tulip","value":"data/minecraft/loot_tables/blocks/red_tulip.json"},{"selected":true,"assetId":"minecraft:red_wool","value":"data/minecraft/loot_tables/blocks/red_wool.json"},{"selected":true,"assetId":"minecraft:redstone_block","value":"data/minecraft/loot_tables/blocks/redstone_block.json"},{"selected":true,"assetId":"minecraft:redstone_lamp","value":"data/minecraft/loot_tables/blocks/redstone_lamp.json"},{"selected":true,"assetId":"minecraft:redstone_ore","value":"data/minecraft/loot_tables/blocks/redstone_ore.json"},{"selected":true,"assetId":"minecraft:redstone_torch","value":"data/minecraft/loot_tables/blocks/redstone_torch.json"},{"selected":true,"assetId":"minecraft:redstone_wire","value":"data/minecraft/loot_tables/blocks/redstone_wire.json"},{"selected":true,"assetId":"minecraft:repeater","value":"data/minecraft/loot_tables/blocks/repeater.json"},{"selected":true,"assetId":"minecraft:rose_bush","value":"data/minecraft/loot_tables/blocks/rose_bush.json"},{"selected":true,"assetId":"minecraft:sand","value":"data/minecraft/loot_tables/blocks/sand.json"},{"selected":true,"assetId":"minecraft:sandstone","value":"data/minecraft/loot_tables/blocks/sandstone.json"},{"selected":true,"assetId":"minecraft:sandstone_slab","value":"data/minecraft/loot_tables/blocks/sandstone_slab.json"},{"selected":true,"assetId":"minecraft:sandstone_stairs","value":"data/minecraft/loot_tables/blocks/sandstone_stairs.json"},{"selected":true,"assetId":"minecraft:sandstone_wall","value":"data/minecraft/loot_tables/blocks/sandstone_wall.json"},{"selected":true,"assetId":"minecraft:scaffolding","value":"data/minecraft/loot_tables/blocks/scaffolding.json"},{"selected":true,"assetId":"minecraft:sea_lantern","value":"data/minecraft/loot_tables/blocks/sea_lantern.json"},{"selected":true,"assetId":"minecraft:sea_pickle","value":"data/minecraft/loot_tables/blocks/sea_pickle.json"},{"selected":true,"assetId":"minecraft:seagrass","value":"data/minecraft/loot_tables/blocks/seagrass.json"},{"selected":false,"assetId":"minecraft:shulker_box","value":"data/minecraft/loot_tables/blocks/shulker_box.json"},{"selected":true,"assetId":"minecraft:skeleton_skull","value":"data/minecraft/loot_tables/blocks/skeleton_skull.json"},{"selected":true,"assetId":"minecraft:slime_block","value":"data/minecraft/loot_tables/blocks/slime_block.json"},{"selected":true,"assetId":"minecraft:smithing_table","value":"data/minecraft/loot_tables/blocks/smithing_table.json"},{"selected":true,"assetId":"minecraft:smoker","value":"data/minecraft/loot_tables/blocks/smoker.json"},{"selected":true,"assetId":"minecraft:smooth_quartz","value":"data/minecraft/loot_tables/blocks/smooth_quartz.json"},{"selected":true,"assetId":"minecraft:smooth_quartz_slab","value":"data/minecraft/loot_tables/blocks/smooth_quartz_slab.json"},{"selected":true,"assetId":"minecraft:smooth_quartz_stairs","value":"data/minecraft/loot_tables/blocks/smooth_quartz_stairs.json"},{"selected":true,"assetId":"minecraft:smooth_red_sandstone","value":"data/minecraft/loot_tables/blocks/smooth_red_sandstone.json"},{"selected":true,"assetId":"minecraft:smooth_red_sandstone_slab","value":"data/minecraft/loot_tables/blocks/smooth_red_sandstone_slab.json"},{"selected":true,"assetId":"minecraft:smooth_red_sandstone_stairs","value":"data/minecraft/loot_tables/blocks/smooth_red_sandstone_stairs.json"},{"selected":true,"assetId":"minecraft:smooth_sandstone","value":"data/minecraft/loot_tables/blocks/smooth_sandstone.json"},{"selected":true,"assetId":"minecraft:smooth_sandstone_slab","value":"data/minecraft/loot_tables/blocks/smooth_sandstone_slab.json"},{"selected":true,"assetId":"minecraft:smooth_sandstone_stairs","value":"data/minecraft/loot_tables/blocks/smooth_sandstone_stairs.json"},{"selected":true,"assetId":"minecraft:smooth_stone","value":"data/minecraft/loot_tables/blocks/smooth_stone.json"},{"selected":true,"assetId":"minecraft:smooth_stone_slab","value":"data/minecraft/loot_tables/blocks/smooth_stone_slab.json"},{"selected":true,"assetId":"minecraft:snow","value":"data/minecraft/loot_tables/blocks/snow.json"},{"selected":true,"assetId":"minecraft:snow_block","value":"data/minecraft/loot_tables/blocks/snow_block.json"},{"selected":true,"assetId":"minecraft:soul_sand","value":"data/minecraft/loot_tables/blocks/soul_sand.json"},{"selected":true,"assetId":"minecraft:spawner","value":"data/minecraft/loot_tables/blocks/spawner.json"},{"selected":true,"assetId":"minecraft:sponge","value":"data/minecraft/loot_tables/blocks/sponge.json"},{"selected":true,"assetId":"minecraft:spruce_button","value":"data/minecraft/loot_tables/blocks/spruce_button.json"},{"selected":true,"assetId":"minecraft:spruce_door","value":"data/minecraft/loot_tables/blocks/spruce_door.json"},{"selected":true,"assetId":"minecraft:spruce_fence","value":"data/minecraft/loot_tables/blocks/spruce_fence.json"},{"selected":true,"assetId":"minecraft:spruce_fence_gate","value":"data/minecraft/loot_tables/blocks/spruce_fence_gate.json"},{"selected":true,"assetId":"minecraft:spruce_leaves","value":"data/minecraft/loot_tables/blocks/spruce_leaves.json"},{"selected":true,"assetId":"minecraft:spruce_log","value":"data/minecraft/loot_tables/blocks/spruce_log.json"},{"selected":true,"assetId":"minecraft:spruce_planks","value":"data/minecraft/loot_tables/blocks/spruce_planks.json"},{"selected":true,"assetId":"minecraft:spruce_pressure_plate","value":"data/minecraft/loot_tables/blocks/spruce_pressure_plate.json"},{"selected":true,"assetId":"minecraft:spruce_sapling","value":"data/minecraft/loot_tables/blocks/spruce_sapling.json"},{"selected":true,"assetId":"minecraft:spruce_sign","value":"data/minecraft/loot_tables/blocks/spruce_sign.json"},{"selected":true,"assetId":"minecraft:spruce_slab","value":"data/minecraft/loot_tables/blocks/spruce_slab.json"},{"selected":true,"assetId":"minecraft:spruce_stairs","value":"data/minecraft/loot_tables/blocks/spruce_stairs.json"},{"selected":true,"assetId":"minecraft:spruce_trapdoor","value":"data/minecraft/loot_tables/blocks/spruce_trapdoor.json"},{"selected":true,"assetId":"minecraft:spruce_wood","value":"data/minecraft/loot_tables/blocks/spruce_wood.json"},{"selected":true,"assetId":"minecraft:sticky_piston","value":"data/minecraft/loot_tables/blocks/sticky_piston.json"},{"selected":true,"assetId":"minecraft:stone","value":"data/minecraft/loot_tables/blocks/stone.json"},{"selected":true,"assetId":"minecraft:stone_brick_slab","value":"data/minecraft/loot_tables/blocks/stone_brick_slab.json"},{"selected":true,"assetId":"minecraft:stone_brick_stairs","value":"data/minecraft/loot_tables/blocks/stone_brick_stairs.json"},{"selected":true,"assetId":"minecraft:stone_brick_wall","value":"data/minecraft/loot_tables/blocks/stone_brick_wall.json"},{"selected":true,"assetId":"minecraft:stone_bricks","value":"data/minecraft/loot_tables/blocks/stone_bricks.json"},{"selected":true,"assetId":"minecraft:stone_button","value":"data/minecraft/loot_tables/blocks/stone_button.json"},{"selected":true,"assetId":"minecraft:stone_pressure_plate","value":"data/minecraft/loot_tables/blocks/stone_pressure_plate.json"},{"selected":true,"assetId":"minecraft:stone_slab","value":"data/minecraft/loot_tables/blocks/stone_slab.json"},{"selected":true,"assetId":"minecraft:stone_stairs","value":"data/minecraft/loot_tables/blocks/stone_stairs.json"},{"selected":true,"assetId":"minecraft:stonecutter","value":"data/minecraft/loot_tables/blocks/stonecutter.json"},{"selected":true,"assetId":"minecraft:stripped_acacia_log","value":"data/minecraft/loot_tables/blocks/stripped_acacia_log.json"},{"selected":true,"assetId":"minecraft:stripped_acacia_wood","value":"data/minecraft/loot_tables/blocks/stripped_acacia_wood.json"},{"selected":true,"assetId":"minecraft:stripped_birch_log","value":"data/minecraft/loot_tables/blocks/stripped_birch_log.json"},{"selected":true,"assetId":"minecraft:stripped_birch_wood","value":"data/minecraft/loot_tables/blocks/stripped_birch_wood.json"},{"selected":true,"assetId":"minecraft:stripped_dark_oak_log","value":"data/minecraft/loot_tables/blocks/stripped_dark_oak_log.json"},{"selected":true,"assetId":"minecraft:stripped_dark_oak_wood","value":"data/minecraft/loot_tables/blocks/stripped_dark_oak_wood.json"},{"selected":true,"assetId":"minecraft:stripped_jungle_log","value":"data/minecraft/loot_tables/blocks/stripped_jungle_log.json"},{"selected":true,"assetId":"minecraft:stripped_jungle_wood","value":"data/minecraft/loot_tables/blocks/stripped_jungle_wood.json"},{"selected":true,"assetId":"minecraft:stripped_oak_log","value":"data/minecraft/loot_tables/blocks/stripped_oak_log.json"},{"selected":true,"assetId":"minecraft:stripped_oak_wood","value":"data/minecraft/loot_tables/blocks/stripped_oak_wood.json"},{"selected":true,"assetId":"minecraft:stripped_spruce_log","value":"data/minecraft/loot_tables/blocks/stripped_spruce_log.json"},{"selected":true,"assetId":"minecraft:stripped_spruce_wood","value":"data/minecraft/loot_tables/blocks/stripped_spruce_wood.json"},{"selected":true,"assetId":"minecraft:sugar_cane","value":"data/minecraft/loot_tables/blocks/sugar_cane.json"},{"selected":true,"assetId":"minecraft:sunflower","value":"data/minecraft/loot_tables/blocks/sunflower.json"},{"selected":true,"assetId":"minecraft:sweet_berry_bush","value":"data/minecraft/loot_tables/blocks/sweet_berry_bush.json"},{"selected":true,"assetId":"minecraft:tall_grass","value":"data/minecraft/loot_tables/blocks/tall_grass.json"},{"selected":true,"assetId":"minecraft:tall_seagrass","value":"data/minecraft/loot_tables/blocks/tall_seagrass.json"},{"selected":true,"assetId":"minecraft:terracotta","value":"data/minecraft/loot_tables/blocks/terracotta.json"},{"selected":true,"assetId":"minecraft:tnt","value":"data/minecraft/loot_tables/blocks/tnt.json"},{"selected":true,"assetId":"minecraft:torch","value":"data/minecraft/loot_tables/blocks/torch.json"},{"selected":true,"assetId":"minecraft:trapped_chest","value":"data/minecraft/loot_tables/blocks/trapped_chest.json"},{"selected":true,"assetId":"minecraft:tripwire","value":"data/minecraft/loot_tables/blocks/tripwire.json"},{"selected":true,"assetId":"minecraft:tripwire_hook","value":"data/minecraft/loot_tables/blocks/tripwire_hook.json"},{"selected":true,"assetId":"minecraft:tube_coral","value":"data/minecraft/loot_tables/blocks/tube_coral.json"},{"selected":true,"assetId":"minecraft:tube_coral_block","value":"data/minecraft/loot_tables/blocks/tube_coral_block.json"},{"selected":true,"assetId":"minecraft:tube_coral_fan","value":"data/minecraft/loot_tables/blocks/tube_coral_fan.json"},{"selected":true,"assetId":"minecraft:turtle_egg","value":"data/minecraft/loot_tables/blocks/turtle_egg.json"},{"selected":true,"assetId":"minecraft:vine","value":"data/minecraft/loot_tables/blocks/vine.json"},{"selected":true,"assetId":"minecraft:wet_sponge","value":"data/minecraft/loot_tables/blocks/wet_sponge.json"},{"selected":true,"assetId":"minecraft:wheat","value":"data/minecraft/loot_tables/blocks/wheat.json"},{"selected":true,"assetId":"minecraft:white_banner","value":"data/minecraft/loot_tables/blocks/white_banner.json"},{"selected":true,"assetId":"minecraft:white_bed","value":"data/minecraft/loot_tables/blocks/white_bed.json"},{"selected":true,"assetId":"minecraft:white_carpet","value":"data/minecraft/loot_tables/blocks/white_carpet.json"},{"selected":true,"assetId":"minecraft:white_concrete","value":"data/minecraft/loot_tables/blocks/white_concrete.json"},{"selected":true,"assetId":"minecraft:white_concrete_powder","value":"data/minecraft/loot_tables/blocks/white_concrete_powder.json"},{"selected":true,"assetId":"minecraft:white_glazed_terracotta","value":"data/minecraft/loot_tables/blocks/white_glazed_terracotta.json"},{"selected":false,"assetId":"minecraft:white_shulker_box","value":"data/minecraft/loot_tables/blocks/white_shulker_box.json"},{"selected":true,"assetId":"minecraft:white_stained_glass","value":"data/minecraft/loot_tables/blocks/white_stained_glass.json"},{"selected":true,"assetId":"minecraft:white_stained_glass_pane","value":"data/minecraft/loot_tables/blocks/white_stained_glass_pane.json"},{"selected":true,"assetId":"minecraft:white_terracotta","value":"data/minecraft/loot_tables/blocks/white_terracotta.json"},{"selected":true,"assetId":"minecraft:white_tulip","value":"data/minecraft/loot_tables/blocks/white_tulip.json"},{"selected":true,"assetId":"minecraft:white_wool","value":"data/minecraft/loot_tables/blocks/white_wool.json"},{"selected":true,"assetId":"minecraft:wither_rose","value":"data/minecraft/loot_tables/blocks/wither_rose.json"},{"selected":true,"assetId":"minecraft:wither_skeleton_skull","value":"data/minecraft/loot_tables/blocks/wither_skeleton_skull.json"},{"selected":true,"assetId":"minecraft:yellow_banner","value":"data/minecraft/loot_tables/blocks/yellow_banner.json"},{"selected":true,"assetId":"minecraft:yellow_bed","value":"data/minecraft/loot_tables/blocks/yellow_bed.json"},{"selected":true,"assetId":"minecraft:yellow_carpet","value":"data/minecraft/loot_tables/blocks/yellow_carpet.json"},{"selected":true,"assetId":"minecraft:yellow_concrete","value":"data/minecraft/loot_tables/blocks/yellow_concrete.json"},{"selected":true,"assetId":"minecraft:yellow_concrete_powder","value":"data/minecraft/loot_tables/blocks/yellow_concrete_powder.json"},{"selected":true,"assetId":"minecraft:yellow_glazed_terracotta","value":"data/minecraft/loot_tables/blocks/yellow_glazed_terracotta.json"},{"selected":false,"assetId":"minecraft:yellow_shulker_box","value":"data/minecraft/loot_tables/blocks/yellow_shulker_box.json"},{"selected":true,"assetId":"minecraft:yellow_stained_glass","value":"data/minecraft/loot_tables/blocks/yellow_stained_glass.json"},{"selected":true,"assetId":"minecraft:yellow_stained_glass_pane","value":"data/minecraft/loot_tables/blocks/yellow_stained_glass_pane.json"},{"selected":true,"assetId":"minecraft:yellow_terracotta","value":"data/minecraft/loot_tables/blocks/yellow_terracotta.json"},{"selected":true,"assetId":"minecraft:yellow_wool","value":"data/minecraft/loot_tables/blocks/yellow_wool.json"},{"selected":true,"assetId":"minecraft:zombie_head","value":"data/minecraft/loot_tables/blocks/zombie_head.json"}],"toolbox:loot_table_randomizer_group_chests":[{"selected":true,"assetId":"minecraft:abandoned_mineshaft","value":"data/minecraft/loot_tables/chests/abandoned_mineshaft.json"},{"selected":true,"assetId":"minecraft:buried_treasure","value":"data/minecraft/loot_tables/chests/buried_treasure.json"},{"selected":true,"assetId":"minecraft:desert_pyramid","value":"data/minecraft/loot_tables/chests/desert_pyramid.json"},{"selected":true,"assetId":"minecraft:end_city_treasure","value":"data/minecraft/loot_tables/chests/end_city_treasure.json"},{"selected":true,"assetId":"minecraft:igloo_chest","value":"data/minecraft/loot_tables/chests/igloo_chest.json"},{"selected":true,"assetId":"minecraft:jungle_temple","value":"data/minecraft/loot_tables/chests/jungle_temple.json"},{"selected":true,"assetId":"minecraft:jungle_temple_dispenser","value":"data/minecraft/loot_tables/chests/jungle_temple_dispenser.json"},{"selected":true,"assetId":"minecraft:nether_bridge","value":"data/minecraft/loot_tables/chests/nether_bridge.json"},{"selected":true,"assetId":"minecraft:pillager_outpost","value":"data/minecraft/loot_tables/chests/pillager_outpost.json"},{"selected":true,"assetId":"minecraft:shipwreck_map","value":"data/minecraft/loot_tables/chests/shipwreck_map.json"},{"selected":true,"assetId":"minecraft:shipwreck_supply","value":"data/minecraft/loot_tables/chests/shipwreck_supply.json"},{"selected":true,"assetId":"minecraft:shipwreck_treasure","value":"data/minecraft/loot_tables/chests/shipwreck_treasure.json"},{"selected":true,"assetId":"minecraft:simple_dungeon","value":"data/minecraft/loot_tables/chests/simple_dungeon.json"},{"selected":false,"assetId":"minecraft:spawn_bonus_chest","value":"data/minecraft/loot_tables/chests/spawn_bonus_chest.json"},{"selected":true,"assetId":"minecraft:stronghold_corridor","value":"data/minecraft/loot_tables/chests/stronghold_corridor.json"},{"selected":true,"assetId":"minecraft:stronghold_crossing","value":"data/minecraft/loot_tables/chests/stronghold_crossing.json"},{"selected":true,"assetId":"minecraft:stronghold_library","value":"data/minecraft/loot_tables/chests/stronghold_library.json"},{"selected":true,"assetId":"minecraft:underwater_ruin_big","value":"data/minecraft/loot_tables/chests/underwater_ruin_big.json"},{"selected":true,"assetId":"minecraft:underwater_ruin_small","value":"data/minecraft/loot_tables/chests/underwater_ruin_small.json"},{"selected":true,"assetId":"minecraft:village_village_armorer","value":"data/minecraft/loot_tables/chests/village/village_armorer.json"},{"selected":true,"assetId":"minecraft:village_village_butcher","value":"data/minecraft/loot_tables/chests/village/village_butcher.json"},{"selected":true,"assetId":"minecraft:village_village_cartographer","value":"data/minecraft/loot_tables/chests/village/village_cartographer.json"},{"selected":true,"assetId":"minecraft:village_village_desert_house","value":"data/minecraft/loot_tables/chests/village/village_desert_house.json"},{"selected":true,"assetId":"minecraft:village_village_fisher","value":"data/minecraft/loot_tables/chests/village/village_fisher.json"},{"selected":true,"assetId":"minecraft:village_village_fletcher","value":"data/minecraft/loot_tables/chests/village/village_fletcher.json"},{"selected":true,"assetId":"minecraft:village_village_mason","value":"data/minecraft/loot_tables/chests/village/village_mason.json"},{"selected":true,"assetId":"minecraft:village_village_plains_house","value":"data/minecraft/loot_tables/chests/village/village_plains_house.json"},{"selected":true,"assetId":"minecraft:village_village_savanna_house","value":"data/minecraft/loot_tables/chests/village/village_savanna_house.json"},{"selected":true,"assetId":"minecraft:village_village_shepherd","value":"data/minecraft/loot_tables/chests/village/village_shepherd.json"},{"selected":true,"assetId":"minecraft:village_village_snowy_house","value":"data/minecraft/loot_tables/chests/village/village_snowy_house.json"},{"selected":true,"assetId":"minecraft:village_village_taiga_house","value":"data/minecraft/loot_tables/chests/village/village_taiga_house.json"},{"selected":true,"assetId":"minecraft:village_village_tannery","value":"data/minecraft/loot_tables/chests/village/village_tannery.json"},{"selected":true,"assetId":"minecraft:village_village_temple","value":"data/minecraft/loot_tables/chests/village/village_temple.json"},{"selected":true,"assetId":"minecraft:village_village_toolsmith","value":"data/minecraft/loot_tables/chests/village/village_toolsmith.json"},{"selected":true,"assetId":"minecraft:village_village_weaponsmith","value":"data/minecraft/loot_tables/chests/village/village_weaponsmith.json"},{"selected":true,"assetId":"minecraft:woodland_mansion","value":"data/minecraft/loot_tables/chests/woodland_mansion.json"}],"toolbox:loot_table_randomizer_group_entities":[{"selected":false,"assetId":"minecraft:armor_stand","value":"data/minecraft/loot_tables/entities/armor_stand.json"},{"selected":true,"assetId":"minecraft:bat","value":"data/minecraft/loot_tables/entities/bat.json"},{"selected":true,"assetId":"minecraft:bee","value":"data/minecraft/loot_tables/entities/bee.json"},{"selected":true,"assetId":"minecraft:blaze","value":"data/minecraft/loot_tables/entities/blaze.json"},{"selected":true,"assetId":"minecraft:cat","value":"data/minecraft/loot_tables/entities/cat.json"},{"selected":true,"assetId":"minecraft:cave_spider","value":"data/minecraft/loot_tables/entities/cave_spider.json"},{"selected":true,"assetId":"minecraft:chicken","value":"data/minecraft/loot_tables/entities/chicken.json"},{"selected":true,"assetId":"minecraft:cod","value":"data/minecraft/loot_tables/entities/cod.json"},{"selected":true,"assetId":"minecraft:cow","value":"data/minecraft/loot_tables/entities/cow.json"},{"selected":true,"assetId":"minecraft:creeper","value":"data/minecraft/loot_tables/entities/creeper.json"},{"selected":true,"assetId":"minecraft:dolphin","value":"data/minecraft/loot_tables/entities/dolphin.json"},{"selected":true,"assetId":"minecraft:donkey","value":"data/minecraft/loot_tables/entities/donkey.json"},{"selected":true,"assetId":"minecraft:drowned","value":"data/minecraft/loot_tables/entities/drowned.json"},{"selected":true,"assetId":"minecraft:elder_guardian","value":"data/minecraft/loot_tables/entities/elder_guardian.json"},{"selected":true,"assetId":"minecraft:ender_dragon","value":"data/minecraft/loot_tables/entities/ender_dragon.json"},{"selected":true,"assetId":"minecraft:enderman","value":"data/minecraft/loot_tables/entities/enderman.json"},{"selected":true,"assetId":"minecraft:endermite","value":"data/minecraft/loot_tables/entities/endermite.json"},{"selected":true,"assetId":"minecraft:evoker","value":"data/minecraft/loot_tables/entities/evoker.json"},{"selected":true,"assetId":"minecraft:fox","value":"data/minecraft/loot_tables/entities/fox.json"},{"selected":true,"assetId":"minecraft:ghast","value":"data/minecraft/loot_tables/entities/ghast.json"},{"selected":false,"assetId":"minecraft:giant","value":"data/minecraft/loot_tables/entities/giant.json"},{"selected":true,"assetId":"minecraft:guardian","value":"data/minecraft/loot_tables/entities/guardian.json"},{"selected":true,"assetId":"minecraft:horse","value":"data/minecraft/loot_tables/entities/horse.json"},{"selected":true,"assetId":"minecraft:husk","value":"data/minecraft/loot_tables/entities/husk.json"},{"selected":false,"assetId":"minecraft:illusioner","value":"data/minecraft/loot_tables/entities/illusioner.json"},{"selected":true,"assetId":"minecraft:iron_golem","value":"data/minecraft/loot_tables/entities/iron_golem.json"},{"selected":true,"assetId":"minecraft:llama","value":"data/minecraft/loot_tables/entities/llama.json"},{"selected":true,"assetId":"minecraft:magma_cube","value":"data/minecraft/loot_tables/entities/magma_cube.json"},{"selected":true,"assetId":"minecraft:mooshroom","value":"data/minecraft/loot_tables/entities/mooshroom.json"},{"selected":true,"assetId":"minecraft:mule","value":"data/minecraft/loot_tables/entities/mule.json"},{"selected":true,"assetId":"minecraft:ocelot","value":"data/minecraft/loot_tables/entities/ocelot.json"},{"selected":true,"assetId":"minecraft:panda","value":"data/minecraft/loot_tables/entities/panda.json"},{"selected":true,"assetId":"minecraft:parrot","value":"data/minecraft/loot_tables/entities/parrot.json"},{"selected":true,"assetId":"minecraft:phantom","value":"data/minecraft/loot_tables/entities/phantom.json"},{"selected":true,"assetId":"minecraft:pig","value":"data/minecraft/loot_tables/entities/pig.json"},{"selected":true,"assetId":"minecraft:pillager","value":"data/minecraft/loot_tables/entities/pillager.json"},{"selected":false,"assetId":"minecraft:player","value":"data/minecraft/loot_tables/entities/player.json"},{"selected":true,"assetId":"minecraft:polar_bear","value":"data/minecraft/loot_tables/entities/polar_bear.json"},{"selected":true,"assetId":"minecraft:pufferfish","value":"data/minecraft/loot_tables/entities/pufferfish.json"},{"selected":true,"assetId":"minecraft:rabbit","value":"data/minecraft/loot_tables/entities/rabbit.json"},{"selected":true,"assetId":"minecraft:ravager","value":"data/minecraft/loot_tables/entities/ravager.json"},{"selected":true,"assetId":"minecraft:salmon","value":"data/minecraft/loot_tables/entities/salmon.json"},{"selected":true,"assetId":"minecraft:sheep","value":"data/minecraft/loot_tables/entities/sheep.json"},{"selected":true,"assetId":"minecraft:sheep_black","value":"data/minecraft/loot_tables/entities/sheep/black.json"},{"selected":true,"assetId":"minecraft:sheep_blue","value":"data/minecraft/loot_tables/entities/sheep/blue.json"},{"selected":true,"assetId":"minecraft:sheep_brown","value":"data/minecraft/loot_tables/entities/sheep/brown.json"},{"selected":true,"assetId":"minecraft:sheep_cyan","value":"data/minecraft/loot_tables/entities/sheep/cyan.json"},{"selected":true,"assetId":"minecraft:sheep_gray","value":"data/minecraft/loot_tables/entities/sheep/gray.json"},{"selected":true,"assetId":"minecraft:sheep_green","value":"data/minecraft/loot_tables/entities/sheep/green.json"},{"selected":true,"assetId":"minecraft:sheep_light_blue","value":"data/minecraft/loot_tables/entities/sheep/light_blue.json"},{"selected":true,"assetId":"minecraft:sheep_light_gray","value":"data/minecraft/loot_tables/entities/sheep/light_gray.json"},{"selected":true,"assetId":"minecraft:sheep_lime","value":"data/minecraft/loot_tables/entities/sheep/lime.json"},{"selected":true,"assetId":"minecraft:sheep_magenta","value":"data/minecraft/loot_tables/entities/sheep/magenta.json"},{"selected":true,"assetId":"minecraft:sheep_orange","value":"data/minecraft/loot_tables/entities/sheep/orange.json"},{"selected":true,"assetId":"minecraft:sheep_pink","value":"data/minecraft/loot_tables/entities/sheep/pink.json"},{"selected":true,"assetId":"minecraft:sheep_purple","value":"data/minecraft/loot_tables/entities/sheep/purple.json"},{"selected":true,"assetId":"minecraft:sheep_red","value":"data/minecraft/loot_tables/entities/sheep/red.json"},{"selected":true,"assetId":"minecraft:sheep_white","value":"data/minecraft/loot_tables/entities/sheep/white.json"},{"selected":true,"assetId":"minecraft:sheep_yellow","value":"data/minecraft/loot_tables/entities/sheep/yellow.json"},{"selected":true,"assetId":"minecraft:shulker","value":"data/minecraft/loot_tables/entities/shulker.json"},{"selected":true,"assetId":"minecraft:silverfish","value":"data/minecraft/loot_tables/entities/silverfish.json"},{"selected":true,"assetId":"minecraft:skeleton","value":"data/minecraft/loot_tables/entities/skeleton.json"},{"selected":true,"assetId":"minecraft:skeleton_horse","value":"data/minecraft/loot_tables/entities/skeleton_horse.json"},{"selected":true,"assetId":"minecraft:slime","value":"data/minecraft/loot_tables/entities/slime.json"},{"selected":true,"assetId":"minecraft:snow_golem","value":"data/minecraft/loot_tables/entities/snow_golem.json"},{"selected":true,"assetId":"minecraft:spider","value":"data/minecraft/loot_tables/entities/spider.json"},{"selected":true,"assetId":"minecraft:squid","value":"data/minecraft/loot_tables/entities/squid.json"},{"selected":true,"assetId":"minecraft:stray","value":"data/minecraft/loot_tables/entities/stray.json"},{"selected":true,"assetId":"minecraft:trader_llama","value":"data/minecraft/loot_tables/entities/trader_llama.json"},{"selected":true,"assetId":"minecraft:tropical_fish","value":"data/minecraft/loot_tables/entities/tropical_fish.json"},{"selected":true,"assetId":"minecraft:turtle","value":"data/minecraft/loot_tables/entities/turtle.json"},{"selected":true,"assetId":"minecraft:vex","value":"data/minecraft/loot_tables/entities/vex.json"},{"selected":true,"assetId":"minecraft:villager","value":"data/minecraft/loot_tables/entities/villager.json"},{"selected":true,"assetId":"minecraft:vindicator","value":"data/minecraft/loot_tables/entities/vindicator.json"},{"selected":true,"assetId":"minecraft:wandering_trader","value":"data/minecraft/loot_tables/entities/wandering_trader.json"},{"selected":true,"assetId":"minecraft:witch","value":"data/minecraft/loot_tables/entities/witch.json"},{"selected":true,"assetId":"minecraft:wither","value":"data/minecraft/loot_tables/entities/wither.json"},{"selected":true,"assetId":"minecraft:wither_skeleton","value":"data/minecraft/loot_tables/entities/wither_skeleton.json"},{"selected":true,"assetId":"minecraft:wolf","value":"data/minecraft/loot_tables/entities/wolf.json"},{"selected":true,"assetId":"minecraft:zombie","value":"data/minecraft/loot_tables/entities/zombie.json"},{"selected":false,"assetId":"minecraft:zombie_horse","value":"data/minecraft/loot_tables/entities/zombie_horse.json"},{"selected":true,"assetId":"minecraft:zombie_pigman","value":"data/minecraft/loot_tables/entities/zombie_pigman.json"},{"selected":true,"assetId":"minecraft:zombie_villager","value":"data/minecraft/loot_tables/entities/zombie_villager.json"}],"toolbox:loot_table_randomizer_group_gameplay":[{"selected":true,"assetId":"minecraft:cat_morning_gift","value":"data/minecraft/loot_tables/gameplay/cat_morning_gift.json"},{"selected":true,"assetId":"minecraft:fishing","value":"data/minecraft/loot_tables/gameplay/fishing.json"},{"selected":true,"assetId":"minecraft:fishing_fish","value":"data/minecraft/loot_tables/gameplay/fishing/fish.json"},{"selected":true,"assetId":"minecraft:fishing_junk","value":"data/minecraft/loot_tables/gameplay/fishing/junk.json"},{"selected":true,"assetId":"minecraft:fishing_treasure","value":"data/minecraft/loot_tables/gameplay/fishing/treasure.json"},{"selected":true,"assetId":"minecraft:hero_of_the_village_armorer_gift","value":"data/minecraft/loot_tables/gameplay/hero_of_the_village/armorer_gift.json"},{"selected":true,"assetId":"minecraft:hero_of_the_village_butcher_gift","value":"data/minecraft/loot_tables/gameplay/hero_of_the_village/butcher_gift.json"},{"selected":true,"assetId":"minecraft:hero_of_the_village_cartographer_gift","value":"data/minecraft/loot_tables/gameplay/hero_of_the_village/cartographer_gift.json"},{"selected":true,"assetId":"minecraft:hero_of_the_village_cleric_gift","value":"data/minecraft/loot_tables/gameplay/hero_of_the_village/cleric_gift.json"},{"selected":true,"assetId":"minecraft:hero_of_the_village_farmer_gift","value":"data/minecraft/loot_tables/gameplay/hero_of_the_village/farmer_gift.json"},{"selected":true,"assetId":"minecraft:hero_of_the_village_fisherman_gift","value":"data/minecraft/loot_tables/gameplay/hero_of_the_village/fisherman_gift.json"},{"selected":true,"assetId":"minecraft:hero_of_the_village_fletcher_gift","value":"data/minecraft/loot_tables/gameplay/hero_of_the_village/fletcher_gift.json"},{"selected":true,"assetId":"minecraft:hero_of_the_village_leatherworker_gift","value":"data/minecraft/loot_tables/gameplay/hero_of_the_village/leatherworker_gift.json"},{"selected":true,"assetId":"minecraft:hero_of_the_village_librarian_gift","value":"data/minecraft/loot_tables/gameplay/hero_of_the_village/librarian_gift.json"},{"selected":true,"assetId":"minecraft:hero_of_the_village_mason_gift","value":"data/minecraft/loot_tables/gameplay/hero_of_the_village/mason_gift.json"},{"selected":true,"assetId":"minecraft:hero_of_the_village_shepherd_gift","value":"data/minecraft/loot_tables/gameplay/hero_of_the_village/shepherd_gift.json"},{"selected":true,"assetId":"minecraft:hero_of_the_village_toolsmith_gift","value":"data/minecraft/loot_tables/gameplay/hero_of_the_village/toolsmith_gift.json"},{"selected":true,"assetId":"minecraft:hero_of_the_village_weaponsmith_gift","value":"data/minecraft/loot_tables/gameplay/hero_of_the_village/weaponsmith_gift.json"}]}